id,first_name,last_name,email,Address_1,Address_2,Address_3,Town,County,Post_Code
1,Beverly,Gibson,bgibson0@plala.or.jp,64,Farwell,,Chico,California,
2,Marilyn,James,mjames1@cam.ac.uk,90179,Jenna,Park,Fort Worth,Texas,76110
3,Thomas,Torres,ttorres2@scientificamerican.com,407,Waxwing,Park,Atlanta,Georgia,30340
4,Katherine,Spencer,kspencer3@addthis.com,63,Thierer,,,District of Columbia,20046
5,Irene,Wells,iwells4@technorati.com,67808,Stuart,,San Francisco,,94126
6,James,Little,jlittle5@vk.com,80,Loomis,,Anaheim,California,
7,Diane,Mendoza,dmendoza6@imageshack.us,91984,Welch,,Modesto,California,95354
8,Annie,Cole,acole7@reddit.com,0894,Melby,,,New York,12205
9,Irene,West,iwest8@yelp.com,5,Nova,Park,San Francisco,California,94164
10,Irene,Banks,ibanks9@abc.net.au,2587,Fallview,Terrace,Dallas,Texas,
11,Joan,Nelson,jnelsona@buzzfeed.com,77557,Dottie,Street,San Francisco,California,94105
12,Scott,George,sgeorgeb@newsvine.com,76,Bashford,Lane,Wilmington,Delaware,19886
13,Denise,Willis,dwillisc@dyndns.org,68,Ruskin,,Bloomington,Illinois,61709
14,Irene,Torres,itorresd@illinois.edu,2,East,Street,,,
15,Diana,Rivera,driverae@google.com,2,Judy,,Melbourne,Florida,32919
16,Nancy,Lawrence,nlawrencef@cnn.com,39388,Welch,Point,New York City,New York,10125
17,Fred,Walker,fwalkerg@wufoo.com,78569,Elgar,,,Illinois,61110
18,Phyllis,Palmer,ppalmerh@amazon.de,79,Merchant,Street,Bowie,Maryland,20719
19,Tammy,Wood,twoodi@kickstarter.com,853,Meadow Valley,,Conroe,Texas,77305
20,Irene,Hill,ihillj@soundcloud.com,04,Welch,,Syracuse,New York,13205
21,Albert,Morris,amorrisk@washington.edu,97,Mockingbird,,,California,95133
22,Jeffrey,Harrison,jharrisonl@google.nl,090,Stuart,,Pittsburgh,Pennsylvania,15220
23,Juan,Phillips,jphillipsm@myspace.com,8,Ramsey,Plaza,Toledo,Ohio,
24,Kimberly,Diaz,kdiazn@hostgator.com,7825,Lake View,,Newport News,Virginia,23612
25,Jerry,Reyes,jreyeso@netscape.com,755,Valley Edge,Avenue,Chula Vista,California,91913
26,Adam,Evans,aevansp@usgs.gov,1,Northfield,,Fort Wayne,Indiana,46867
27,Earl,Bradley,ebradleyq@livejournal.com,84,Service,,,California,91406
28,Shawn,Payne,spayner@vkontakte.ru,570,Eastwood,Park,San Antonio,Texas,
29,Laura,Chavez,lchavezs@reverbnation.com,69,Farmco,,Duluth,,55811
30,Louise,Ryan,lryant@scribd.com,321,Hovde,,Honolulu,,
31,Anna,Lee,aleeu@linkedin.com,6,Hoepker,,San Francisco,,94105
32,Jerry,Hill,jhillv@elpais.com,02,Bay,,Tulsa,Oklahoma,74141
33,Donald,Martin,dmartinw@oracle.com,3448,Hazelcrest,,Charleston,,
34,Amy,Moore,amoorex@skype.com,8997,Fair Oaks,,Fort Wayne,Indiana,
35,Jeremy,Coleman,jcolemany@weebly.com,99316,Kensington,,Lynchburg,Virginia,24515
36,Elizabeth,Hernandez,ehernandezz@berkeley.edu,8712,Buell,,Tampa,,33615
37,Alice,Chapman,achapman10@kickstarter.com,3653,Holmberg,,Baltimore,Maryland,21290
38,Terry,Freeman,tfreeman11@meetup.com,36,Oneill,Junction,Saint Paul,Minnesota,55166
39,Wayne,Marshall,wmarshall12@mashable.com,783,Loeprich,,Cincinnati,Ohio,45271
40,Rose,Bradley,rbradley13@wsj.com,89830,Washington,,Lincoln,Nebraska,68524
41,Justin,Gonzales,jgonzales14@youku.com,92,Algoma,,Bakersfield,California,93311
42,Elizabeth,Martinez,emartinez15@ox.ac.uk,3,Glacier Hill,,Louisville,Kentucky,40266
43,Betty,Lee,blee16@soup.io,53,Kim,Drive,Fargo,North Dakota,
44,Barbara,Cook,bcook17@360.cn,0424,Evergreen,Center,Beaverton,Oregon,97075
45,Kimberly,Chapman,kchapman18@independent.co.uk,466,Lakewood,Place,Birmingham,,35254
46,Henry,Day,hday19@ftc.gov,35097,Corben,,Naperville,Illinois,60567
47,Heather,Walker,hwalker1a@mtv.com,112,Thompson,Junction,Detroit,Michigan,48267
48,Lisa,Butler,lbutler1b@nasa.gov,96,Village,,New York City,New York,10120
49,Albert,Taylor,ataylor1c@dyndns.org,46353,Northwestern,,Waco,Texas,76711
50,Keith,Campbell,kcampbell1d@utexas.edu,8910,Thompson,Drive,,,75397
51,Kathy,Garrett,kgarrett1e@bloomberg.com,40,Vahlen,,Alpharetta,Georgia,30022
52,Kelly,Peterson,kpeterson1f@comcast.net,,72,Bay,,Knoxville,,
53,Joseph,White,jwhite1g@163.com,541,Basil,,Dallas,,75221
54,Margaret,Jacobs,mjacobs1h@noaa.gov,983,Northfield,,Lima,Ohio,45807
55,Rebecca,Schmidt,rschmidt1i@netscape.com,7,Dryden,,Atlanta,,31119
56,Russell,Torres,rtorres1j@oakley.com,39,Crescent Oaks,,Cleveland,Ohio,44185
57,Irene,Gray,igray1k@example.com,5,High Crossing,,San Jose,California,95128
58,Melissa,Moreno,mmoreno1l@comcast.net,,39256,Hoepker,Hill,Houston,Texas,77010
59,Debra,Clark,dclark1m@alexa.com,4,American,,San Diego,California,92127
60,Randy,Alexander,ralexander1n@pen.io,06,Gina,,Scottsdale,Arizona,85255
61,Eugene,Gibson,egibson1o@foxnews.com,9,Hooker,,Bradenton,Florida,34210
62,Joshua,Stone,jstone1p@telegraph.co.uk,86795,Commercial,,Oakland,California,94616
63,Juan,Chavez,jchavez1q@alibaba.com,20029,Buhler,,Tacoma,Washington,98424
64,Jane,Crawford,jcrawford1r@bloglines.com,1566,Upham,,Richmond,Virginia,23228
65,Sharon,Reynolds,sreynolds1s@globo.com,656,Miller,,,District of Columbia,20414
66,Bruce,Harper,bharper1t@bizjournals.com,4049,Mayfield,,Philadelphia,,19146
67,Janice,Mason,jmason1u@dedecms.com,184,Tennyson,,Arlington,Texas,76096
68,Timothy,Mccoy,tmccoy1v@pagesperso-orange.fr,24,Pennsylvania,Lane,Wichita,Kansas,67260
69,Kathleen,Mason,kmason1w@furl.net,,283,Walton,Plaza,Silver Spring,Maryland,20910
70,Gary,Collins,gcollins1x@vimeo.com,1,Pennsylvania,,,,72916
71,Ann,Wheeler,awheeler1y@seesaa.net,,94,Sundown,Avenue,Miami,,33180
72,Phyllis,Robinson,probinson1z@umn.edu,35321,Division,Park,,,61605
73,Phillip,Rose,prose20@marketwatch.com,8823,Canary,Drive,Charleston,South Carolina,29411
74,Terry,Young,tyoung21@blogspot.com,49,Barnett,Crossing,Peoria,Illinois,61651
75,Juan,Stanley,jstanley22@newyorker.com,22854,Goodland,,Orlando,Florida,32830
76,Alice,Williamson,awilliamson23@yellowpages.com,07,Dwight,Avenue,Iowa City,Iowa,52245
77,Michelle,Ward,mward24@people.com.cn,51480,Crest Line,,Topeka,Kansas,66699
78,Wanda,Snyder,wsnyder25@gnu.org,482,Jana,,Miami,Florida,33196
79,Ernest,Richards,erichards26@mapquest.com,2052,2nd,,Pasadena,California,
80,Rebecca,Henderson,rhenderson27@github.io,987,Columbus,,Salt Lake City,Utah,84152
81,Kelly,Edwards,kedwards28@altervista.org,28,Sherman,,Austin,Texas,78783
82,Jonathan,Meyer,jmeyer29@sciencedaily.com,3020,Carey,Lane,Atlanta,Georgia,30311
83,Christine,Holmes,cholmes2a@census.gov,64,Melvin,Place,Minneapolis,Minnesota,55446
84,Sara,Scott,sscott2b@parallels.com,1159,Forest Run,,,Ohio,45426
85,Gloria,Hall,ghall2c@uol.com.br,77,Butterfield,Parkway,Roanoke,,24020
86,Doris,Martin,dmartin2d@irs.gov,96,Packers,,Fort Wayne,Indiana,46862
87,Thomas,Harris,tharris2e@surveymonkey.com,86,Pleasure,,,Illinois,62711
88,Ernest,Roberts,eroberts2f@yellowbook.com,46296,Bobwhite,Crossing,Richmond,Virginia,23225
89,Nancy,Powell,npowell2g@edublogs.org,5144,Spaight,,,District of Columbia,20540
90,Gerald,Brooks,gbrooks2h@merriam-webster.com,412,Sommers,,Shawnee Mission,Kansas,66205
91,Ashley,Sanders,asanders2i@bloomberg.com,100,Jay,Road,Minneapolis,Minnesota,
92,Larry,Daniels,ldaniels2j@cdc.gov,72,Westport,,Las Vegas,Nevada,
93,Lawrence,Simmons,lsimmons2k@europa.eu,6414,Kim,Park,Huntsville,Alabama,35810
94,Walter,Martinez,wmartinez2l@photobucket.com,0,Forest Dale,,Columbus,Georgia,31998
95,Kathryn,Greene,kgreene2m@vinaora.com,733,Lakewood,,Aurora,Colorado,80044
96,Christine,Harvey,charvey2n@apache.org,8,Forest Run,,Florence,South Carolina,29505
97,Nancy,Little,nlittle2o@qq.com,29,Washington,,Evansville,Indiana,47719
98,Martin,Frazier,mfrazier2p@w3.org,6,Saint Paul,,Pasadena,California,91131
99,Christopher,Coleman,ccoleman2q@etsy.com,41,Waywood,,Albuquerque,New Mexico,87121
100,Anna,Garcia,agarcia2r@google.pl,07,Iowa,,Columbus,Ohio,43284
101,Philip,Black,pblack2s@mlb.com,233,Stoughton,,Anchorage,Alaska,99507
102,Tammy,Stephens,tstephens2t@domainmarket.com,5,Division,,Tucson,Arizona,
103,Clarence,Burton,cburton2u@un.org,4,Mosinee,,Elizabeth,New Jersey,07208
104,Willie,Williamson,wwilliamson2v@nature.com,02,Packers,,Washington,District of Columbia,20057
105,Lisa,Allen,lallen2w@dedecms.com,856,Gina,,Santa Barbara,California,93150
106,Louise,Montgomery,lmontgomery2x@miibeian.gov.cn,61,Sauthoff,Plaza,Bakersfield,California,93311
107,Doris,Banks,dbanks2y@free.fr,12,Heath,,Charlotte,North Carolina,28299
108,Ryan,Patterson,rpatterson2z@odnoklassniki.ru,0216,Clarendon,,Waltham,Massachusetts,02453
109,Louise,Arnold,larnold30@example.com,607,Browning,,Modesto,California,95354
110,Martin,Holmes,mholmes31@themeforest.net,,6238,Hudson,,New Orleans,Louisiana,70124
111,Anthony,Ward,award32@tumblr.com,6,Lakewood,Plaza,Lake Charles,Louisiana,70607
112,Eugene,Reed,ereed33@ustream.tv,513,Hagan,Terrace,,New York,10469
113,Denise,Pierce,dpierce34@youku.com,77135,Hintze,,Newton,Massachusetts,02162
114,Shirley,Payne,spayne35@merriam-webster.com,26345,Lakeland,,Minneapolis,Minnesota,55441
115,Kimberly,Richards,krichards36@prnewswire.com,26985,Mendota,,Lake Charles,Louisiana,
116,Kevin,Hanson,khanson37@ocn.ne.jp,9196,Forster,Place,Washington,District of Columbia,20414
117,Betty,Reed,breed38@360.cn,44323,Mosinee,Crossing,New Haven,,06533
118,Margaret,Kennedy,mkennedy39@economist.com,4320,Linden,,Pompano Beach,Florida,33075
119,Samuel,Peterson,speterson3a@google.ru,57,Londonderry,,,District of Columbia,
120,Bruce,Snyder,bsnyder3b@1688.com,4804,Sachtjen,,Miami,Florida,33196
121,Victor,Edwards,vedwards3c@edublogs.org,9519,Mcbride,,Jamaica,New York,
122,Beverly,Gibson,bgibson3d@stanford.edu,11956,Farmco,,Louisville,,40298
123,Helen,Alexander,halexander3e@amazon.com,1,Algoma,,Springfield,Missouri,65898
124,Christina,Kennedy,ckennedy3f@berkeley.edu,6982,Hollow Ridge,Parkway,Springfield,Massachusetts,01105
125,Marilyn,Woods,mwoods3g@prweb.com,03,Calypso,,El Paso,,88546
126,Douglas,Walker,dwalker3h@t.co,73789,Stuart,,Nashville,Tennessee,37250
127,Steven,Rice,srice3i@etsy.com,0029,Lake View,Lane,,North Carolina,27626
128,Billy,Montgomery,bmontgomery3j@fotki.com,6,Canary,,Erie,,
129,David,Simmons,dsimmons3k@taobao.com,69031,Grasskamp,,Rockford,,61105
130,Patricia,Nichols,pnichols3l@symantec.com,729,Daystar,Pass,Tulsa,Oklahoma,74156
131,Phillip,Richards,prichards3m@netvibes.com,9,Quincy,,Reno,Nevada,89550
132,Karen,White,kwhite3n@ustream.tv,45,Lukken,,Monroe,Louisiana,71213
133,Denise,Kim,dkim3o@stanford.edu,8,Homewood,,,,85077
134,Beverly,Simpson,bsimpson3p@wisc.edu,7674,Fieldstone,,Fort Worth,Texas,76115
135,Judy,Weaver,jweaver3q@prweb.com,3,Longview,Terrace,Raleigh,North Carolina,27605
136,Ronald,Crawford,rcrawford3r@umich.edu,9,Lerdahl,,Lawrenceville,Georgia,30045
137,Fred,Evans,fevans3s@columbia.edu,436,Sugar,,Great Neck,New York,11024
138,Harry,Lane,hlane3t@vimeo.com,979,Gateway,Trail,,North Dakota,58207
139,Judy,Hudson,jhudson3u@elpais.com,56082,Straubel,,Portland,Oregon,97255
140,Maria,Bell,mbell3v@ftc.gov,7382,Gale,,San Antonio,,78240
141,Donna,Lee,dlee3w@dion.ne.jp,11,Atwood,,Santa Cruz,California,95064
142,Michelle,Riley,mriley3x@ehow.com,8537,Transport,,,,84120
143,Joyce,Vasquez,jvasquez3y@sakura.ne.jp,1263,Fulton,,Huntsville,,35815
144,Carlos,Day,cday3z@umn.edu,95568,Oriole,,Charleston,West Virginia,
145,Marie,Kennedy,mkennedy40@sun.com,6,School,,Saint Petersburg,Florida,33715
146,Teresa,Harris,tharris41@go.com,80981,Duke,,Indianapolis,Indiana,46266
147,Jane,Meyer,,72322,Saint Paul,Way,,Minnesota,55572
148,Gerald,Mccoy,,1,Fairfield,,Hialeah,Florida,33018
149,Rebecca,Long,rlong44@mayoclinic.com,3524,Lawn,Parkway,Youngstown,Ohio,44511
150,Samuel,Powell,spowell45@bbc.co.uk,679,Heath,,Washington,District of Columbia,20380
151,Jesse,Sullivan,jsullivan46@bigcartel.com,08824,Moose,Center,Kansas City,Kansas,
152,Scott,Grant,sgrant47@ca.gov,7502,Erie,,San Antonio,Texas,78210
153,Juan,Hamilton,jhamilton48@deviantart.com,78268,Bartillon,,Brooklyn,New York,11247
154,Mildred,Dixon,mdixon49@dailymotion.com,12,Acker,,San Diego,,92196
155,Nancy,Fowler,nfowler4a@etsy.com,90757,Sachs,,New Orleans,Louisiana,70160
156,Juan,Mccoy,jmccoy4b@liveinternet.ru,5778,Knutson,Point,Charlotte,,28278
157,Tammy,Collins,tcollins4c@cmu.edu,041,New Castle,,Madison,Wisconsin,53785
158,Ernest,Fisher,efisher4d@archive.org,398,Montana,,Boston,,02163
159,Sara,Robertson,srobertson4e@imdb.com,19,Michigan,,,Idaho,83732
160,John,Duncan,jduncan4f@fotki.com,5691,West,,Honolulu,Hawaii,96840
161,Annie,Henry,ahenry4g@wikimedia.org,3,Katie,,Charlotte,North Carolina,28215
162,Lisa,Simpson,lsimpson4h@about.me,2,Superior,Avenue,Saint Paul,Minnesota,55172
163,Nancy,Lawson,nlawson4i@woothemes.com,8433,Bowman,Crossing,Appleton,,
164,Margaret,Fox,mfox4j@purevolume.com,7551,Killdeer,Alley,Reston,,20195
165,Jimmy,Bryant,jbryant4k@sitemeter.com,8270,Carey,,Dayton,Ohio,45426
166,Andrea,Carter,acarter4l@photobucket.com,4782,Pleasure,Crossing,Charlotte,North Carolina,28299
167,Adam,Richardson,arichardson4m@soup.io,3,Kedzie,,Melbourne,Florida,32941
168,Kathleen,Willis,kwillis4n@comcast.net,,1,Springview,Road,Columbia,,29225
169,Jason,Hansen,jhansen4o@instagram.com,64389,Sundown,Lane,,Texas,77234
170,Brian,Coleman,bcoleman4p@washington.edu,5050,Mccormick,,Baltimore,,21290
171,Emily,Fuller,efuller4q@weibo.com,58,Debra,,Pittsburgh,,15225
172,Jean,Marshall,jmarshall4r@cmu.edu,496,Browning,,Torrance,,90505
173,Ronald,Gilbert,rgilbert4s@umich.edu,1,Bonner,Junction,Des Moines,Iowa,50369
174,Jack,Austin,jaustin4t@gizmodo.com,8,Mccormick,,El Paso,Texas,79928
175,Jerry,King,jking4u@artisteer.com,6,Reinke,Plaza,San Antonio,Texas,78296
176,Angela,Morgan,amorgan4v@japanpost.jp,6,Dryden,,Saint Cloud,Minnesota,56372
177,Shawn,Morrison,smorrison4w@fda.gov,30,School,,Roanoke,Virginia,24040
178,Chris,Kelly,,790,5th,,Evansville,Indiana,
179,Jacqueline,Sims,jsims4y@amazonaws.com,23653,Sycamore,Terrace,Nashville,Tennessee,37250
180,Anne,Black,ablack4z@weebly.com,8,Dahle,Alley,Salt Lake City,Utah,
181,Rachel,Collins,rcollins50@dot.gov,0,Oriole,,Brooklyn,New York,11231
182,Tina,Stanley,tstanley51@discuz.net,,9,Doe Crossing,,Beaverton,Oregon,97075
183,Todd,Ortiz,tortiz52@simplemachines.org,3,Dennis,Park,Dallas,Texas,75216
184,Helen,Daniels,hdaniels53@guardian.co.uk,85601,Tomscot,Circle,Anderson,Indiana,46015
185,Alice,Gonzales,agonzales54@hexun.com,12059,Fair Oaks,Center,Fort Smith,Arkansas,72905
186,Carlos,Price,cprice55@opera.com,3105,Mockingbird,Avenue,Washington,,20073
187,Susan,Medina,smedina56@unc.edu,2382,Rutledge,,Tampa,Florida,33661
188,Lillian,Hunter,lhunter57@columbia.edu,00,Comanche,Road,Tacoma,Washington,98464
189,Gloria,Davis,gdavis58@is.gd,05309,Reindahl,,Pensacola,Florida,
190,Larry,Torres,ltorres59@reddit.com,95,Doe Crossing,,,California,95973
191,Carl,Allen,callen5a@lycos.com,28,Delaware,Trail,San Antonio,Texas,78296
192,Bonnie,Owens,bowens5b@constantcontact.com,3,Anthes,,Davenport,Iowa,52804
193,Kathy,Russell,krussell5c@comcast.net,,9564,Bobwhite,,,,33405
194,Lisa,Daniels,ldaniels5d@nasa.gov,98903,Union,,Springfield,Ohio,45505
195,Brian,Elliott,belliott5e@smugmug.com,5,Cody,Drive,,Ohio,44905
196,Roy,Lane,rlane5f@ezinearticles.com,6979,Rusk,,Chicago,,
197,Kathy,Hudson,khudson5g@g.co,4701,Lunder,Circle,San Antonio,,78220
198,William,Alvarez,,2,Ridgeview,Pass,Saint Louis,Missouri,63116
199,Aaron,Price,aprice5i@theglobeandmail.com,2448,Ryan,Trail,Jackson,Mississippi,39216
200,Heather,Harrison,hharrison5j@rediff.com,2672,Division,Circle,,Kansas,67210
201,Patricia,Stewart,pstewart5k@salon.com,90,Forster,Alley,Memphis,Tennessee,
202,Sharon,Spencer,sspencer5l@cbsnews.com,1265,Thompson,,Charlottesville,Virginia,22903
203,Linda,Harris,lharris5m@opensource.org,83,Melby,Alley,,Kansas,66286
204,Julia,Fernandez,jfernandez5n@paginegialle.it,785,Sage,,Rochester,,14639
205,Harry,Wilson,hwilson5o@smh.com.au,17711,Tennessee,Circle,Terre Haute,Indiana,47805
206,Kathy,Fields,kfields5p@nsw.gov.au,3537,Meadow Ridge,,Dallas,Texas,75353
207,Mary,Burns,mburns5q@ca.gov,0,Victoria,,Chicago,Illinois,60657
208,Jessica,Barnes,jbarnes5r@dmoz.org,5,Northridge,,,Massachusetts,01813
209,Daniel,Andrews,dandrews5s@zimbio.com,90,Oak Valley,,Mesa,Arizona,
210,Judith,Carpenter,,73,Grim,,Los Angeles,California,90035
211,Judy,Edwards,jedwards5u@boston.com,48591,Pepper Wood,,Newark,,07112
212,Jason,Fowler,jfowler5v@pinterest.com,7,Summer Ridge,,Jeffersonville,Indiana,47134
213,Harold,Porter,hporter5w@patch.com,37,Utah,Junction,Hicksville,,
214,Helen,Green,hgreen5x@slashdot.org,4,Dahle,,Tucson,Arizona,85710
215,Jacqueline,Johnson,jjohnson5y@sogou.com,1,Hagan,Road,Daytona Beach,Florida,32123
216,Raymond,Jones,rjones5z@independent.co.uk,93248,Hooker,Point,Dallas,Texas,
217,Robert,Banks,rbanks60@cornell.edu,4631,Eagle Crest,,Huntington,West Virginia,25721
218,Amy,Stevens,astevens61@nhs.uk,195,Marcy,,Brooksville,Florida,34605
219,Nicole,Grant,ngrant62@illinois.edu,51891,Schiller,Hill,Reading,Pennsylvania,19605
220,Katherine,Hanson,khanson63@slideshare.net,,89848,Charing Cross,Street,Tuscaloosa,Alabama,35487
221,Richard,Bailey,rbailey64@google.de,22,Golden Leaf,Way,Wichita,Kansas,67260
222,Helen,Sims,hsims65@woothemes.com,28,Sherman,,Spokane,Washington,99205
223,Louise,Schmidt,lschmidt66@biglobe.ne.jp,17,Elmside,,,,
224,Carlos,Myers,cmyers67@dailymail.co.uk,866,Corben,,El Paso,Texas,88589
225,Doris,Chapman,dchapman68@mapquest.com,5,Maple Wood,,,Nebraska,68505
226,Douglas,Fernandez,dfernandez69@cornell.edu,65,Stang,,,,94137
227,Teresa,Hanson,thanson6a@java.com,999,Evergreen,Crossing,Paterson,New Jersey,07544
228,Jonathan,Howard,jhoward6b@sogou.com,28,Sage,,Pittsburgh,Pennsylvania,15286
229,John,Washington,jwashington6c@usda.gov,777,Summit,,Iowa City,,52245
230,Johnny,Peters,jpeters6d@networkadvertising.org,9,5th,,New York City,New York,10160
231,Kathy,Pierce,kpierce6e@imdb.com,60277,Crownhardt,,Green Bay,Wisconsin,54305
232,Julia,Flores,jflores6f@topsy.com,08,Hallows,,,California,91328
233,Mary,Rodriguez,mrodriguez6g@dagondesign.com,58,Huxley,,Los Angeles,California,90081
234,Eugene,King,eking6h@mapquest.com,007,Sutherland,,Columbus,,31998
235,Philip,Fuller,pfuller6i@who.int,336,Valley Edge,,Reston,Virginia,
236,Emily,Mcdonald,emcdonald6j@gizmodo.com,2,Coolidge,Court,Plano,,75074
237,Susan,Mills,smills6k@is.gd,64,Holmberg,Way,Mobile,Alabama,36689
238,Steven,Spencer,sspencer6l@xrea.com,21,Hayes,Place,Cedar Rapids,Iowa,52410
239,Nicholas,Robinson,nrobinson6m@dell.com,0,Milwaukee,,,Louisiana,70033
240,Virginia,Oliver,voliver6n@reddit.com,771,Forest Run,,Glendale,Arizona,85311
241,Ralph,Rodriguez,rrodriguez6o@auda.org.au,5,Truax,,Springfield,Illinois,62756
242,Diana,Thompson,dthompson6p@yandex.ru,27,Mariners Cove,,Garden Grove,California,
243,Pamela,Snyder,psnyder6q@networkadvertising.org,2,Meadow Valley,Crossing,West Palm Beach,Florida,33416
244,Louis,Vasquez,lvasquez6r@privacy.gov.au,70135,Delaware,,Oakland,California,94622
245,Russell,Rogers,rrogers6s@un.org,45,Haas,Place,Valley Forge,Pennsylvania,19495
246,Helen,Larson,hlarson6t@livejournal.com,43,Graedel,Parkway,Bronx,New York,10459
247,Mildred,Freeman,mfreeman6u@apache.org,16,Mitchell,,Houston,Texas,77065
248,Kenneth,White,kwhite6v@narod.ru,5195,Ronald Regan,,Madison,,53710
249,Mark,Fox,mfox6w@indiegogo.com,490,Anhalt,,Sioux City,Iowa,51110
250,Diane,Carter,dcarter6x@so-net.ne.jp,187,Buena Vista,Road,Oakland,California,94622
251,Carlos,Garcia,cgarcia6y@cbslocal.com,43,Heffernan,,Albany,New York,12205
252,Charles,Murray,cmurray6z@meetup.com,135,Mcguire,,Jacksonville,Florida,32220
253,Terry,Wells,twells70@jalbum.net,,7,Fordem,,Indianapolis,,46247
254,Mark,Morales,mmorales71@cornell.edu,0,Bonner,Way,San Antonio,Texas,78260
255,Robert,Garcia,rgarcia72@latimes.com,29367,School,,Alexandria,Virginia,
256,Ronald,Garza,rgarza73@macromedia.com,86,Schmedeman,,Spokane,Washington,99260
257,Andrea,Reid,areid74@upenn.edu,6,Bowman,,Las Vegas,Nevada,89166
258,Jeffrey,Bishop,jbishop75@dailymotion.com,8,Bonner,,El Paso,Texas,
259,Jean,Lee,jlee76@macromedia.com,12497,Morrow,,Tulsa,Oklahoma,74133
260,Daniel,Cook,dcook77@cnbc.com,93247,Hintze,Hill,Garden Grove,California,92844
261,Jeffrey,Berry,jberry78@cbc.ca,92,Carey,,Colorado Springs,Colorado,
262,Bonnie,Williamson,bwilliamson79@youtu.be,1,Rockefeller,Park,Albany,New York,12262
263,Philip,Edwards,pedwards7a@seesaa.net,,329,Green,,Dayton,Ohio,45454
264,Brenda,Russell,brussell7b@google.es,02,Corscot,Trail,Fort Lauderdale,Florida,33310
265,Eric,Welch,ewelch7c@dagondesign.com,40,Montana,Circle,El Paso,Texas,79934
266,Karen,Porter,kporter7d@gnu.org,0,La Follette,,Seattle,Washington,
267,Emily,Martin,emartin7e@e-recht24.de,45361,Vermont,Park,Washington,District of Columbia,20073
268,Jacqueline,Wilson,jwilson7f@biglobe.ne.jp,9921,Stephen,Center,,,78410
269,Emily,Armstrong,earmstrong7g@tinypic.com,22,Meadow Valley,,Springfield,,62723
270,Joseph,Watson,jwatson7h@imageshack.us,2,Coleman,,Springfield,Illinois,62764
271,Carlos,Stone,cstone7i@mayoclinic.com,28985,New Castle,,Champaign,Illinois,61825
272,Tammy,Phillips,tphillips7j@plala.or.jp,01325,Eagan,Place,Honolulu,Hawaii,
273,Norma,Payne,npayne7k@woothemes.com,92,Barnett,Court,Miami,,33124
274,Henry,Sanders,hsanders7l@mediafire.com,464,Summit,Center,Beaumont,Texas,77713
275,Roy,Griffin,rgriffin7m@sfgate.com,2,Mesta,Pass,Erie,Pennsylvania,16550
276,Ronald,Dean,rdean7n@gnu.org,6102,Northport,,Denver,Colorado,80204
277,Peter,Lopez,plopez7o@berkeley.edu,92,Main,Junction,Montgomery,Alabama,36134
278,Maria,Richards,mrichards7p@google.com.br,0663,Gerald,Park,Saint Paul,Minnesota,55103
279,Cheryl,Welch,cwelch7q@archive.org,17558,Killdeer,Way,Memphis,Tennessee,38109
280,Cheryl,Torres,ctorres7r@blogspot.com,744,Union,Avenue,Palo Alto,California,94302
281,Sandra,Harris,sharris7s@usnews.com,96186,Kinsman,,Jacksonville,Florida,32220
282,Patricia,Owens,powens7t@skyrock.com,31073,Artisan,Alley,Washington,District of Columbia,20260
283,Carl,Harvey,charvey7u@theatlantic.com,2264,Troy,,Fort Collins,Colorado,80525
284,Marilyn,Lane,mlane7v@purevolume.com,05390,Shasta,Parkway,South Lake Tahoe,California,96154
285,Jonathan,Gomez,jgomez7w@ning.com,6,Luster,,,Texas,
286,James,Myers,jmyers7x@theglobeandmail.com,9,Texas,Pass,Cumming,Georgia,30130
287,Jeffrey,Carter,jcarter7y@sciencedaily.com,6,Karstens,Lane,Naples,Florida,33963
288,Donald,Hall,dhall7z@cam.ac.uk,1466,Rowland,,Oklahoma City,Oklahoma,73104
289,Timothy,Bennett,tbennett80@51.la,3026,Kingsford,,Shawnee Mission,Kansas,
290,Ernest,Watson,,64,Leroy,,Atlanta,Georgia,30386
291,Donald,Johnston,djohnston82@who.int,69660,Union,,Philadelphia,Pennsylvania,19151
292,Brenda,Wood,bwood83@vk.com,0,Alpine,,Jackson,Mississippi,39282
293,Russell,Wheeler,rwheeler84@foxnews.com,0748,Anthes,Park,Fayetteville,North Carolina,
294,Nicholas,Carr,ncarr85@hao123.com,93,Butterfield,Point,Boston,Massachusetts,02208
295,Andrea,Cunningham,acunningham86@unesco.org,95,Boyd,,,Michigan,48930
296,Sara,Green,sgreen87@sina.com.cn,5781,Esch,,Portland,Oregon,97216
297,James,Carter,jcarter88@dailymail.co.uk,72400,Jana,Avenue,Miami,Florida,33129
298,Patricia,Turner,pturner89@vistaprint.com,07605,Derek,Center,Harrisburg,,17105
299,Tina,Gonzalez,tgonzalez8a@yellowbook.com,0643,Victoria,,Flint,Michigan,
300,Heather,Hawkins,hhawkins8b@homestead.com,2656,Hagan,,Torrance,,90505
301,Teresa,Dunn,tdunn8c@globo.com,686,Sherman,Street,El Paso,Texas,88574
302,Marilyn,Reynolds,mreynolds8d@umn.edu,81694,Longview,Avenue,Honolulu,Hawaii,
303,Gary,Morgan,gmorgan8e@wired.com,9806,Daystar,,,,11854
304,Louis,Freeman,lfreeman8f@stanford.edu,1,Northland,,Bakersfield,,93381
305,Doris,Brooks,dbrooks8g@ed.gov,77967,Jenna,,Dallas,Texas,75372
306,Janet,Lawson,jlawson8h@csmonitor.com,35,Lake View,Trail,,New York,13210
307,Jesse,Hamilton,jhamilton8i@java.com,7,Fulton,,Hampton,Virginia,23663
308,Bruce,Wright,bwright8j@sitemeter.com,427,Eastwood,Pass,,New Mexico,87201
309,Joyce,Wells,jwells8k@mysql.com,46,Fordem,Avenue,Des Moines,Iowa,50393
310,Virginia,Ruiz,vruiz8l@godaddy.com,776,Stang,,El Paso,Texas,79999
311,Ralph,Hill,rhill8m@reverbnation.com,21,Banding,,Glendale,Arizona,85311
312,Katherine,Washington,kwashington8n@gov.uk,9590,Huxley,Way,Albany,New York,12205
313,Lois,Patterson,lpatterson8o@walmart.com,36904,Melby,,Houston,Texas,
314,Samuel,Garcia,sgarcia8p@jugem.jp,9857,Merrick,Crossing,San Diego,California,92132
315,Michelle,Boyd,mboyd8q@typepad.com,9075,Harbort,,Cape Coral,Florida,33915
316,Patrick,Welch,pwelch8r@sfgate.com,13792,Golf,,Augusta,Georgia,30905
317,Jean,Wagner,jwagner8s@theglobeandmail.com,9,Farmco,,Richmond,Virginia,23285
318,Cynthia,Fields,cfields8t@printfriendly.com,303,Rockefeller,Trail,Columbia,South Carolina,
319,Wayne,Taylor,wtaylor8u@google.cn,7,Nevada,,Punta Gorda,Florida,33982
320,Donald,Brown,dbrown8v@ca.gov,85,Huxley,,Spokane,Washington,99215
321,Joan,Kim,jkim8w@vistaprint.com,88,Northland,Hill,Largo,Florida,34643
322,Tammy,Olson,tolson8x@uol.com.br,751,Comanche,,Birmingham,Alabama,35263
323,Wanda,Ramirez,wramirez8y@amazon.com,9,Packers,,Orlando,Florida,32854
324,George,Howell,ghowell8z@ifeng.com,5,Pierstorff,,Washington,District of Columbia,20380
325,Matthew,Carpenter,mcarpenter90@zdnet.com,646,Crownhardt,Circle,Jacksonville,Florida,32259
326,Debra,Austin,daustin91@yellowbook.com,50,Hanson,,Sacramento,,95838
327,Norma,Diaz,ndiaz92@shareasale.com,5,Towne,,San Diego,,92153
328,Ruth,Miller,,282,Lighthouse Bay,,Tulsa,Oklahoma,74193
329,Phillip,Hart,phart94@wired.com,98,Pepper Wood,Avenue,,Mississippi,39216
330,Louise,Gordon,lgordon95@unicef.org,26,Bunting,,Fresno,California,93778
331,Elizabeth,Wilson,ewilson96@cbc.ca,4,Springview,,Baltimore,Maryland,21290
332,Frank,Henry,fhenry97@digg.com,93,Morningstar,Pass,Saint Louis,Missouri,63196
333,Ernest,Thompson,ethompson98@ifeng.com,81,Loftsgordon,Parkway,Boise,Idaho,
334,Marie,Griffin,mgriffin99@google.com.br,0810,Cottonwood,Lane,Charlotte,,28215
335,Jane,Jones,jjones9a@huffingtonpost.com,36440,Jenifer,Alley,Suffolk,Virginia,
336,Bobby,White,bwhite9b@google.de,3,Forest Run,Junction,El Paso,Texas,88525
337,Kathy,Jenkins,kjenkins9c@state.tx.us,224,Golf,,New Orleans,Louisiana,70154
338,Jeremy,Jordan,jjordan9d@spiegel.de,39,Blackbird,Parkway,,,28299
339,Jose,Payne,jpayne9e@altervista.org,180,Novick,Way,Gulfport,,
340,Kevin,Collins,kcollins9f@kickstarter.com,522,Kropf,,Birmingham,Alabama,35242
341,Rose,Shaw,,518,Lien,,Austin,Texas,78759
342,Willie,Walker,wwalker9h@icq.com,256,Clarendon,,Louisville,,
343,Wayne,Pierce,wpierce9i@accuweather.com,1,Cascade,,,Alaska,99812
344,Dennis,Lee,dlee9j@latimes.com,8,Oakridge,Park,Seattle,Washington,98148
345,Virginia,Hernandez,vhernandez9k@prweb.com,4,Spohn,,Orlando,Florida,32885
346,Brandon,Henry,bhenry9l@spotify.com,0682,Blaine,,El Paso,Texas,79950
347,Diane,Rose,drose9m@sourceforge.net,,5,Welch,Avenue,Minneapolis,,55446
348,David,Stewart,dstewart9n@godaddy.com,291,Valley Edge,,Kansas City,Kansas,66112
349,Howard,Franklin,hfranklin9o@ca.gov,969,Ridge Oak,,Shawnee Mission,Kansas,66220
350,Nancy,Burns,nburns9p@ox.ac.uk,048,Morningstar,,Montgomery,Alabama,36134
351,Chris,Gomez,cgomez9q@vk.com,22578,Rieder,,Springfield,Massachusetts,01152
352,Marilyn,Lane,mlane9r@wunderground.com,47670,Bowman,Drive,Toledo,Ohio,43699
353,Carol,Scott,cscott9s@homestead.com,1762,Dunning,Trail,Scottsdale,Arizona,85260
354,Kenneth,Miller,kmiller9t@google.cn,0676,Leroy,Pass,Shreveport,Louisiana,71161
355,Gregory,Wilson,gwilson9u@reverbnation.com,4392,Glendale,Circle,,Washington,
356,Lillian,Wood,lwood9v@ted.com,721,Orin,,New York City,New York,10150
357,Patrick,Riley,priley9w@smh.com.au,468,Reindahl,,Pittsburgh,,15215
358,Ann,Johnson,ajohnson9x@exblog.jp,529,Summer Ridge,Street,Atlanta,Georgia,31196
359,Jack,Stone,jstone9y@gmpg.org,74221,Lyons,Terrace,Sunnyvale,California,94089
360,Susan,Wilson,swilson9z@ucsd.edu,57673,Scoville,,Portland,Oregon,97229
361,Lawrence,Foster,lfostera0@odnoklassniki.ru,76,Coleman,,,,46226
362,Karen,Burns,kburnsa1@deliciousdays.com,914,Meadow Ridge,,Lynchburg,Virginia,24503
363,Judith,Jackson,jjacksona2@netscape.com,01447,Coolidge,,Great Neck,,11024
364,Catherine,Wells,cwellsa3@redcross.org,28947,Mariners Cove,,,Florida,33906
365,Sarah,Cook,scooka4@blogger.com,675,Crownhardt,Court,Springfield,Illinois,62723
366,Stephanie,Sanders,ssandersa5@nytimes.com,6,Lukken,Place,Boise,Idaho,83732
367,Antonio,Campbell,acampbella6@nytimes.com,022,Shelley,,Silver Spring,Maryland,20904
368,Adam,Mcdonald,amcdonalda7@lycos.com,25,Upham,,Saint Paul,Minnesota,55115
369,John,Harrison,jharrisona8@g.co,238,Forest Run,Lane,Las Vegas,,89135
370,Arthur,Martinez,,052,Raven,Plaza,Syracuse,New York,13251
371,Jane,Reid,jreidaa@booking.com,0799,Hoard,,Odessa,Texas,79764
372,Jeremy,Johnston,jjohnstonab@lycos.com,4,Pond,Point,,West Virginia,25336
373,Gerald,Rose,groseac@networksolutions.com,336,Oak Valley,,Jacksonville,Florida,32204
374,Gary,Morgan,gmorganad@google.de,4,Fairfield,Center,Baltimore,Maryland,21290
375,Marie,Meyer,mmeyerae@answers.com,108,Buhler,,Vancouver,Washington,98664
376,Nicholas,Schmidt,nschmidtaf@bbc.co.uk,7639,Express,,Sacramento,,95865
377,Kimberly,Carr,kcarrag@ucla.edu,8462,Monterey,,Washington,District of Columbia,
378,Janet,Carpenter,jcarpenterah@gizmodo.com,6787,Colorado,,Trenton,,08603
379,Anne,Simmons,asimmonsai@dedecms.com,51,Division,Drive,Denton,Texas,76205
380,Martin,Gardner,mgardneraj@dropbox.com,4791,Old Shore,,Richmond,California,94807
381,Alice,Wood,awoodak@google.de,4,Hayes,,,,36605
382,Angela,Olson,aolsonal@narod.ru,3789,School,,Dallas,Texas,75379
383,Willie,Arnold,warnoldam@psu.edu,9648,School,Park,Shawnee Mission,Kansas,
384,David,Bryant,dbryantan@pagesperso-orange.fr,8885,Ramsey,,,,29625
385,Kenneth,Carpenter,kcarpenterao@netscape.com,8,Golf Course,,,Ohio,44760
386,Kenneth,Fernandez,kfernandezap@loc.gov,633,Westend,Parkway,Cincinnati,,
387,Mary,Coleman,mcolemanaq@privacy.gov.au,6,Bayside,Terrace,Fort Worth,Texas,76192
388,Teresa,Wagner,twagnerar@hatena.ne.jp,35,Forster,,Asheville,North Carolina,28805
389,Jean,Stone,jstoneas@soup.io,84,Gerald,,Richmond,Virginia,23203
390,Wayne,Harvey,wharveyat@google.com.br,29320,Maple Wood,,Kansas City,Missouri,64114
391,Elizabeth,Nichols,enicholsau@earthlink.net,,011,Brickson Park,Terrace,Houston,Texas,77070
392,Jacqueline,Green,jgreenav@ameblo.jp,81541,Chive,,San Bernardino,California,92410
393,Karen,Torres,ktorresaw@miitbeian.gov.cn,84,Killdeer,,Fresno,,93709
394,Jonathan,Webb,jwebbax@barnesandnoble.com,04586,1st,,,California,94137
395,Wayne,Gonzalez,wgonzalezay@yale.edu,89,Pawling,,Lynchburg,Virginia,24503
396,Norma,Fields,nfieldsaz@npr.org,3,Harper,,,California,92127
397,Joshua,Rogers,jrogersb0@qq.com,7,Michigan,,Seattle,Washington,
398,Earl,Reid,ereidb1@tripadvisor.com,307,Barby,,Santa Barbara,California,93150
399,Lisa,Ramos,lramosb2@tripadvisor.com,110,6th,Pass,Phoenix,,85030
400,Melissa,Carpenter,mcarpenterb3@icio.us,11,Roth,Street,,Massachusetts,
401,Cynthia,Rivera,criverab4@yale.edu,20670,Buena Vista,Hill,Washington,District of Columbia,20260
402,Donald,Frazier,dfrazierb5@newyorker.com,4,Lotheville,,Jackson,Mississippi,39204
403,William,Martin,wmartinb6@live.com,5264,Clyde Gallagher,,Portland,Oregon,
404,Deborah,Moreno,dmorenob7@google.cn,76463,David,,Bakersfield,California,93305
405,Craig,Rose,croseb8@prweb.com,63,Oneill,Junction,Pompano Beach,Florida,33069
406,Donald,Ortiz,dortizb9@tripadvisor.com,74528,Cody,Pass,Houston,Texas,77245
407,Ralph,Burke,rburkeba@jiathis.com,28714,Weeping Birch,,,Texas,78230
408,Frances,Garza,fgarzabb@huffingtonpost.com,04485,Clyde Gallagher,,New Haven,Connecticut,06520
409,Eric,Harris,eharrisbc@w3.org,6,Logan,Junction,,,45426
410,Heather,Tucker,htuckerbd@howstuffworks.com,8533,Golf View,Way,Houston,Texas,
411,Joe,Ramirez,jramirezbe@pbs.org,56832,Kenwood,Court,New Haven,Connecticut,06505
412,Kathryn,Graham,kgrahambf@sina.com.cn,62,Spaight,Court,Manchester,New Hampshire,03105
413,Sharon,Fox,sfoxbg@sciencedaily.com,73002,Heffernan,Trail,Fort Lauderdale,Florida,33325
414,Donna,Cooper,dcooperbh@smh.com.au,02942,Kedzie,Center,Denver,Colorado,
415,Frances,Duncan,fduncanbi@zdnet.com,8060,Roxbury,,,California,93773
416,Kathryn,Cole,kcolebj@t-online.de,79,Buell,,Kansas City,Missouri,64160
417,Ruby,Perry,rperrybk@statcounter.com,3,Loeprich,Hill,Reading,Pennsylvania,19605
418,Earl,Price,epricebl@globo.com,356,Manufacturers,,Spring,Texas,77388
419,Carol,Vasquez,cvasquezbm@youku.com,323,Oakridge,Lane,Huntsville,Texas,77343
420,Marilyn,Welch,mwelchbn@youku.com,6712,Donald,,Charleston,South Carolina,29411
421,Anne,George,ageorgebo@cbc.ca,43,Gerald,Terrace,Saint Louis,Missouri,63150
422,Rachel,Vasquez,rvasquezbp@spiegel.de,63,School,Circle,Washington,District of Columbia,20546
423,Ernest,Moore,emoorebq@xinhuanet.com,23,Harper,,Washington,District of Columbia,20231
424,Tammy,Reynolds,treynoldsbr@apple.com,51,Loftsgordon,,Topeka,,66642
425,Edward,Oliver,eoliverbs@ehow.com,545,Burrows,,Maple Plain,Minnesota,55572
426,Teresa,Reyes,treyesbt@flickr.com,166,Springview,Place,Providence,Rhode Island,
427,Adam,Stevens,astevensbu@vistaprint.com,347,Express,Center,,Texas,77005
428,Roger,Moreno,rmorenobv@scribd.com,8,Mariners Cove,,Lakeland,Florida,33805
429,Arthur,Ray,araybw@weebly.com,4,Parkside,,Canton,Ohio,44760
430,Craig,Rice,cricebx@sun.com,3,Glendale,Avenue,,,
431,Joyce,Moreno,jmorenoby@blinklist.com,02,Tennessee,,Baton Rouge,Louisiana,70894
432,Jerry,Diaz,jdiazbz@ed.gov,9,Monica,Lane,Saint Louis,Missouri,63196
433,Samuel,Gilbert,sgilbertc0@thetimes.co.uk,495,Crescent Oaks,,Austin,Texas,78754
434,Emily,Gomez,egomezc1@naver.com,67353,Hauk,,Boston,Massachusetts,02203
435,Jose,Nichols,jnicholsc2@jigsy.com,1,Basil,Circle,,Florida,34135
436,Craig,Boyd,cboydc3@oracle.com,964,Monterey,Terrace,Orange,,92867
437,Harold,Dixon,hdixonc4@alexa.com,8,Nevada,,Jamaica,New York,11470
438,Paul,Marshall,pmarshallc5@google.fr,436,Sundown,,Cincinnati,,45208
439,Carl,Crawford,ccrawfordc6@redcross.org,3878,Killdeer,,,California,92176
440,Melissa,Fowler,mfowlerc7@nymag.com,70,Continental,,Sacramento,California,94280
441,Harold,Larson,hlarsonc8@gmpg.org,12509,Schiller,,Memphis,Tennessee,38104
442,Heather,Morrison,hmorrisonc9@webmd.com,48303,Upham,Point,El Paso,Texas,79994
443,Amanda,Warren,awarrenca@youtu.be,3,Redwing,,Pittsburgh,Pennsylvania,15274
444,Karen,Carroll,kcarrollcb@jigsy.com,60787,Cordelia,Street,San Jose,California,95150
445,Lillian,Walker,lwalkercc@opensource.org,0782,Columbus,,Minneapolis,Minnesota,55436
446,Julie,Holmes,jholmescd@linkedin.com,0670,Maple Wood,Avenue,Dallas,Texas,
447,Lois,Hill,lhillce@altervista.org,30995,Stuart,,Phoenix,Arizona,85020
448,Anthony,Smith,asmithcf@marriott.com,688,Hallows,,Washington,,20591
449,Carolyn,Foster,,901,7th,,Buffalo,New York,14225
450,Beverly,Perry,bperrych@simplemachines.org,774,Columbus,,Lincoln,,68531
451,Jerry,Edwards,jedwardsci@patch.com,41537,Towne,,Washington,District of Columbia,20010
452,Craig,Miller,cmillercj@pbs.org,03144,Grayhawk,Road,Louisville,Kentucky,
453,Alan,Reyes,areyesck@va.gov,8075,Waywood,Court,Minneapolis,Minnesota,55423
454,Brenda,Brown,bbrowncl@theguardian.com,4,Novick,,Pueblo,Colorado,81005
455,Ruth,Watson,rwatsoncm@google.es,8852,3rd,,Washington,District of Columbia,20599
456,Nancy,Bryant,nbryantcn@prnewswire.com,198,Thierer,,Long Beach,California,90840
457,Chris,Fuller,cfullerco@comcast.net,,36,Northland,,Arlington,Virginia,22234
458,Walter,Long,wlongcp@ihg.com,58803,Crowley,,,California,95064
459,Debra,Wells,dwellscq@macromedia.com,88182,Anniversary,Parkway,Austin,Texas,78737
460,Diana,Thompson,dthompsoncr@domainmarket.com,2896,Lillian,Place,,Texas,77090
461,Irene,Carter,icartercs@washingtonpost.com,91,Burning Wood,Place,Lansing,Michigan,48901
462,Louise,Brown,lbrownct@china.com.cn,32140,Carberry,Drive,Cincinnati,Ohio,45249
463,Jeremy,Nguyen,jnguyencu@google.pl,2,Basil,Avenue,El Paso,Texas,79950
464,Roger,Miller,rmillercv@microsoft.com,3932,Crownhardt,Alley,Jamaica,,11470
465,Frances,Gilbert,fgilbertcw@sun.com,946,Springs,,Evansville,Indiana,47712
466,James,Owens,jowenscx@multiply.com,90,Mayfield,Lane,Minneapolis,Minnesota,55428
467,Albert,Duncan,aduncancy@narod.ru,50157,Loeprich,Street,Lexington,Kentucky,40596
468,Nicole,Ray,nraycz@usnews.com,74814,Schiller,,Austin,Texas,78732
469,Carolyn,Crawford,ccrawfordd0@jigsy.com,37318,Kim,,Morgantown,West Virginia,
470,Douglas,Harper,dharperd1@rediff.com,816,Carpenter,,Wichita,Kansas,67230
471,Charles,Reyes,creyesd2@sogou.com,2,Starling,,Florence,South Carolina,29505
472,Paul,Mccoy,pmccoyd3@angelfire.com,29,Dixon,,,Georgia,31422
473,Louis,Nichols,lnicholsd4@arstechnica.com,7115,Mesta,,Long Beach,California,
474,Judith,Butler,jbutlerd5@yellowpages.com,5,Chive,,Pittsburgh,Pennsylvania,
475,Laura,Simmons,lsimmonsd6@msu.edu,483,Kings,Crossing,,Connecticut,06105
476,Christine,Spencer,cspencerd7@is.gd,25,Green Ridge,,Salt Lake City,Utah,84105
477,Julie,Welch,jwelchd8@wsj.com,8,5th,Parkway,Worcester,Massachusetts,01610
478,Mildred,Miller,mmillerd9@oaic.gov.au,1,Pennsylvania,,Salem,Oregon,97306
479,William,Wallace,wwallaceda@blog.com,809,Banding,,Loretto,Minnesota,55598
480,Ruby,Webb,rwebbdb@theglobeandmail.com,363,Summerview,,Sioux City,Iowa,51105
481,Harry,Ruiz,hruizdc@free.fr,72,Ohio,Street,Colorado Springs,Colorado,80920
482,Aaron,Peterson,apetersondd@fda.gov,40,Duke,Junction,Mesquite,Texas,75185
483,Evelyn,Carroll,ecarrollde@tumblr.com,672,Thierer,,Austin,Texas,78710
484,Mildred,Greene,mgreenedf@prnewswire.com,538,Oxford,Alley,Glendale,,91205
485,Lillian,Hayes,lhayesdg@hubpages.com,554,Granby,,Atlanta,Georgia,30386
486,Charles,Washington,cwashingtondh@facebook.com,8036,Esch,Lane,Jackson,Mississippi,39236
487,Doris,Long,dlongdi@ebay.com,100,Springview,,Houston,Texas,
488,Chris,Berry,cberrydj@bigcartel.com,02802,Dorton,Road,Houston,Texas,77035
489,Andrea,Bennett,abennettdk@cbc.ca,886,Kipling,,Glendale,Arizona,85305
490,Evelyn,Patterson,epattersondl@sohu.com,8,Service,Alley,Irving,Texas,75062
491,Linda,West,lwestdm@purevolume.com,1,Mendota,,Shreveport,,71115
492,Michael,Lane,mlanedn@addthis.com,0,Basil,,Washington,District of Columbia,20580
493,Virginia,Johnston,vjohnstondo@cafepress.com,24,Garrison,,Garden Grove,California,92844
494,Howard,Thomas,hthomasdp@linkedin.com,599,Melby,Drive,Brooklyn,New York,11241
495,Aaron,Rose,arosedq@mashable.com,0,Lunder,Circle,Chicago,Illinois,60609
496,Edward,Ford,eforddr@technorati.com,90,Elgar,,Aiken,South Carolina,29805
497,Robin,Lewis,rlewisds@1und1.de,08,Weeping Birch,,,,
498,Anthony,Hicks,ahicksdt@marriott.com,50363,Lukken,,,New York,11499
499,Louis,James,ljamesdu@smh.com.au,5,Pine View,Way,Atlanta,Georgia,30301
500,Christine,Nichols,cnicholsdv@desdev.cn,1,Jenna,Center,Beaufort,,29905
501,Gregory,Hayes,ghayesdw@telegraph.co.uk,08,Arapahoe,,Carol Stream,Illinois,60158
502,Brenda,Morrison,bmorrisondx@techcrunch.com,8,Schurz,,Charlotte,North Carolina,28220
503,Willie,Evans,wevansdy@jalbum.net,,3628,Schmedeman,Lane,Saint Louis,Missouri,
504,Shirley,Wheeler,swheelerdz@marriott.com,44,Red Cloud,,Pittsburgh,Pennsylvania,15266
505,Denise,Larson,dlarsone0@sciencedirect.com,896,Tennessee,,Mobile,,36628
506,Jimmy,Fernandez,jfernandeze1@flickr.com,2,Prairieview,Road,Baltimore,Maryland,21275
507,Shawn,Phillips,sphillipse2@ca.gov,587,Laurel,,Kansas City,Missouri,64153
508,Cheryl,Carroll,ccarrolle3@indiatimes.com,00,Holmberg,,Knoxville,Tennessee,37914
509,Louis,Lane,llanee4@histats.com,297,Old Gate,,Fresno,California,93740
510,Laura,George,lgeorgee5@sun.com,12,Buena Vista,,Los Angeles,,90005
511,Jacqueline,Greene,jgreenee6@angelfire.com,4024,Starling,Way,Tulsa,Oklahoma,74103
512,Evelyn,Johnson,ejohnsone7@alexa.com,37520,Dunning,,Olympia,Washington,98506
513,Ruth,Fowler,rfowlere8@acquirethisname.com,4,Dapin,Plaza,Charlotte,North Carolina,28215
514,Harold,Bennett,hbennette9@artisteer.com,7481,Oak Valley,,Grand Rapids,,
515,Bonnie,Ferguson,bfergusonea@nifty.com,779,Clemons,,,Texas,77505
516,Jennifer,Jacobs,jjacobseb@omniture.com,6961,Carpenter,Crossing,New Bedford,,02745
517,Brian,Peters,bpetersec@nih.gov,4983,Lyons,,Mesa,Arizona,85215
518,Sharon,Rice,sriceed@latimes.com,8,South,,Waco,,
519,Judith,Hall,jhallee@cbsnews.com,07,Havey,Place,Orange,California,92668
520,Betty,Allen,ballenef@tamu.edu,6885,Columbus,,Evanston,,
521,Anna,Snyder,asnydereg@ycombinator.com,226,Delaware,,Charlotte,,28242
522,Fred,Banks,fbankseh@sina.com.cn,519,Mariners Cove,Alley,Jamaica,New York,11447
523,Louise,Webb,lwebbei@goo.ne.jp,35,Stone Corner,,Merrifield,Virginia,22119
524,Melissa,Howard,mhowardej@friendfeed.com,2269,Morningstar,Place,Decatur,,30089
525,Betty,Medina,bmedinaek@shutterfly.com,8875,Eastlawn,,Topeka,Kansas,66699
526,Carl,Clark,cclarkel@mit.edu,13695,Warbler,,Atlanta,Georgia,30351
527,Carol,Cooper,ccooperem@histats.com,05224,Marquette,Crossing,Houston,Texas,77260
528,Louise,Turner,lturneren@shop-pro.jp,311,Kedzie,,Springfield,Illinois,62711
529,Donald,Marshall,dmarshalleo@lulu.com,52567,Badeau,Avenue,Danbury,Connecticut,06816
530,Mildred,Cox,mcoxep@sfgate.com,8,Graceland,,Portsmouth,New Hampshire,00214
531,Denise,Kennedy,dkennedyeq@archive.org,0,Spenser,,Pittsburgh,,15225
532,Jerry,Day,jdayer@patch.com,8,Scoville,,Greensboro,,
533,Bonnie,Patterson,bpattersones@over-blog.com,7,Jenifer,Junction,Southfield,Michigan,48076
534,Melissa,Rogers,mrogerset@meetup.com,9687,Mallory,,,New York,10454
535,Joseph,Hanson,jhansoneu@geocities.jp,34620,Northland,Parkway,San Francisco,California,94105
536,Justin,Bowman,jbowmanev@mapy.cz,82,Northwestern,Street,Reno,,89510
537,Walter,Vasquez,wvasquezew@issuu.com,40,Buhler,,Des Moines,Iowa,50393
538,Janice,Chavez,jchavezex@digg.com,46,Caliangt,,Sarasota,Florida,
539,Jennifer,Sullivan,jsullivaney@ucsd.edu,04,Sullivan,,Arlington,Texas,76016
540,Donald,Dunn,ddunnez@freewebs.com,2,Muir,Alley,Boca Raton,Florida,33499
541,Jonathan,Romero,jromerof0@newsvine.com,18,Hauk,Circle,Glendale,Arizona,85305
542,Diane,Bowman,dbowmanf1@t.co,58835,Golf View,Plaza,Midland,Texas,79705
543,Debra,Patterson,dpattersonf2@acquirethisname.com,48,Dixon,,Lake Worth,,
544,William,Cunningham,,0647,Katie,Center,,North Carolina,28215
545,Virginia,Evans,vevansf4@earthlink.net,,83,Beilfuss,Circle,New York City,New York,
546,Jessica,Patterson,jpattersonf5@vimeo.com,4436,Manitowish,,Lansing,Michigan,
547,William,Marshall,wmarshallf6@hostgator.com,3,Almo,Road,Garland,Texas,
548,Jonathan,Bennett,jbennettf7@icio.us,1112,Walton,,Mobile,Alabama,36616
549,Janet,Allen,jallenf8@meetup.com,58063,Goodland,Park,San Antonio,Texas,78205
550,Ernest,Myers,emyersf9@t-online.de,24409,Oakridge,,Reno,,89519
551,Patricia,Phillips,pphillipsfa@cbc.ca,4,Hanover,,Springfield,Illinois,62723
552,Paula,Mason,pmasonfb@apache.org,9624,Esker,,Zephyrhills,Florida,33543
553,Laura,Grant,lgrantfc@sogou.com,76413,Dexter,,Dallas,Texas,75323
554,Carolyn,Collins,ccollinsfd@independent.co.uk,624,Dixon,Point,Kansas City,Kansas,66105
555,Bonnie,Carpenter,bcarpenterfe@google.com.hk,1860,4th,Terrace,Spartanburg,South Carolina,29305
556,Jose,Evans,jevansff@mashable.com,9,Northfield,,Madison,Wisconsin,53790
557,Doris,Coleman,dcolemanfg@pinterest.com,9678,Hazelcrest,,Atlanta,Georgia,30336
558,Virginia,Grant,vgrantfh@gov.uk,102,Porter,,Springfield,Missouri,65805
559,Philip,Riley,prileyfi@deliciousdays.com,29714,Fieldstone,,Burbank,California,91505
560,Donald,Edwards,dedwardsfj@wisc.edu,76826,Donald,,Montgomery,Alabama,36195
561,Roger,Perry,rperryfk@woothemes.com,948,Shelley,Alley,Corona,California,92878
562,Ralph,Vasquez,rvasquezfl@ehow.com,0,Artisan,,Boise,,
563,John,Sanchez,jsanchezfm@psu.edu,748,Longview,,Hot Springs National Park,Arkansas,71914
564,Steve,Green,sgreenfn@ca.gov,3925,Hovde,,Brockton,Massachusetts,02405
565,Wanda,Parker,wparkerfo@merriam-webster.com,2,Loomis,,Washington,District of Columbia,20599
566,Julie,Burton,jburtonfp@deliciousdays.com,57,Coolidge,,Saint Louis,Missouri,63158
567,Wanda,Garrett,wgarrettfq@accuweather.com,574,Mallory,,,Virginia,
568,Larry,Howell,lhowellfr@photobucket.com,2844,1st,,,Arizona,85311
569,Roy,Frazier,rfrazierfs@dailymotion.com,698,Loomis,Point,Battle Creek,Michigan,49018
570,Harry,Payne,hpayneft@tinypic.com,5152,Raven,,Minneapolis,Minnesota,55412
571,Stephanie,Hunt,shuntfu@com.com,3703,Oak Valley,Pass,Raleigh,North Carolina,27626
572,Gerald,Walker,gwalkerfv@spiegel.de,5,Nelson,,Chicago,Illinois,60646
573,Maria,Brooks,mbrooksfw@odnoklassniki.ru,4,Springs,Crossing,Springfield,,62756
574,Thomas,Robertson,trobertsonfx@acquirethisname.com,314,Pennsylvania,Park,Bakersfield,California,93399
575,Maria,Garza,mgarzafy@youku.com,82,Sage,Parkway,,New York,12255
576,Michael,Garcia,mgarciafz@typepad.com,0,Hermina,,Reading,Pennsylvania,19605
577,Susan,Hawkins,shawkinsg0@senate.gov,641,Schurz,,Boston,Massachusetts,02109
578,Evelyn,Miller,emillerg1@webeden.co.uk,990,Elgar,Junction,Jacksonville,Florida,32244
579,Maria,Hunter,mhunterg2@xing.com,222,David,,Orlando,Florida,32854
580,John,Flores,,8,Grim,,Springfield,,01129
581,Julia,Martin,jmarting4@hubpages.com,66,Pepper Wood,,Vero Beach,Florida,
582,Denise,Tucker,dtuckerg5@engadget.com,9,Sunnyside,,Alexandria,Louisiana,71307
583,Kenneth,Carr,kcarrg6@dell.com,33,Blackbird,,Wilmington,Delaware,19897
584,Kathleen,Hamilton,khamiltong7@skype.com,32,Burning Wood,Place,San Bernardino,California,92424
585,Doris,Garza,dgarzag8@blinklist.com,0801,Wayridge,,Milwaukee,Wisconsin,53205
586,James,Nichols,jnicholsg9@instagram.com,5,Meadow Valley,Alley,Stamford,Connecticut,06905
587,Diane,Baker,dbakerga@over-blog.com,7,Spohn,Plaza,Tulsa,Oklahoma,74141
588,Joseph,Gray,jgraygb@ucla.edu,600,Vera,Lane,Naples,Florida,33963
589,Jean,Davis,jdavisgc@admin.ch,582,8th,,Miami,Florida,33261
590,Aaron,Ross,arossgd@cpanel.net,,04694,Havey,Court,San Jose,California,95150
591,Annie,Dixon,adixonge@discuz.net,,4,Kedzie,,,California,90050
592,Andrea,Griffin,agriffingf@ucoz.com,4,Lighthouse Bay,Alley,Saint Petersburg,Florida,33731
593,Diana,Perkins,dperkinsgg@aol.com,8528,Bobwhite,Crossing,Raleigh,North Carolina,27658
594,Lisa,Hanson,lhansongh@163.com,4,North,Place,Corpus Christi,,78465
595,Christine,Johnson,cjohnsongi@bbc.co.uk,35690,Schlimgen,,,Texas,75799
596,Kathy,Chapman,kchapmangj@bluehost.com,0,Hagan,,Huntsville,,
597,Terry,Mendoza,tmendozagk@flavors.me,82,Eagle Crest,,Aurora,Colorado,80045
598,Gary,Ray,graygl@salon.com,35779,Doe Crossing,,Albany,,12222
599,Gary,Gonzales,ggonzalesgm@toplist.cz,55,Orin,,Bakersfield,,
600,Donald,Adams,dadamsgn@typepad.com,03,Cody,Pass,Houston,Texas,77080
601,Ruby,Ramos,rramosgo@yellowbook.com,9347,Kennedy,Hill,Seattle,Washington,98115
602,Roy,Webb,rwebbgp@gravatar.com,10,Dennis,Alley,Melbourne,,32919
603,Diane,Morris,dmorrisgq@blogspot.com,58,Autumn Leaf,Pass,Wichita,Kansas,67260
604,Patrick,Wheeler,pwheelergr@furl.net,,8354,Pine View,,Austin,Texas,78737
605,Ryan,Young,ryounggs@livejournal.com,0,Arrowood,,San Jose,California,95194
606,Carlos,Gonzalez,cgonzalezgt@bandcamp.com,8,Caliangt,,Detroit,Michigan,48275
607,Fred,Welch,fwelchgu@irs.gov,46,Cottonwood,,Roanoke,Virginia,
608,Paul,Jones,pjonesgv@fda.gov,98203,David,,,Arizona,85040
609,Nancy,Diaz,ndiazgw@tripod.com,8,John Wall,Terrace,,Idaho,83705
610,Sara,Patterson,spattersongx@bizjournals.com,5,Maple,,Jacksonville,Florida,32225
611,Joshua,Washington,jwashingtongy@hhs.gov,925,Merchant,,Dallas,Texas,75236
612,Roger,Gilbert,rgilbertgz@mtv.com,4,Bluejay,,,Utah,
613,John,Green,jgreenh0@360.cn,42617,Bartelt,Crossing,Nashville,Tennessee,37215
614,George,Welch,gwelchh1@yellowpages.com,6449,Coleman,,Santa Barbara,California,93106
615,Ruby,Marshall,rmarshallh2@mashable.com,85936,Elmside,,Memphis,Tennessee,38168
616,Paula,Dixon,pdixonh3@foxnews.com,5,Bultman,,Chicago,Illinois,
617,Antonio,Carr,acarrh4@eventbrite.com,774,Montana,,New York City,New York,10019
618,Juan,Wheeler,jwheelerh5@hubpages.com,0,Colorado,Street,Austin,Texas,78703
619,Richard,Reynolds,rreynoldsh6@usatoday.com,15,Mallory,Hill,Waterbury,Connecticut,06721
620,Paul,Torres,ptorresh7@chron.com,10,Susan,,San Antonio,Texas,78285
621,Andrew,Riley,arileyh8@whitehouse.gov,39178,Sugar,Parkway,,,60505
622,Samuel,Crawford,scrawfordh9@jimdo.com,01739,Moulton,Crossing,Sioux Falls,South Dakota,
623,Beverly,Torres,btorresha@hibu.com,75,Brentwood,,Kansas City,Missouri,64149
624,Victor,Wells,vwellshb@vimeo.com,3,Eagan,Alley,Denver,Colorado,80235
625,Scott,Thomas,sthomashc@angelfire.com,8,Cardinal,,Lynn,Massachusetts,01905
626,Kevin,Gardner,kgardnerhd@google.fr,1,Red Cloud,Court,San Francisco,California,94142
627,Martin,West,,2,Reindahl,,,Pennsylvania,19495
628,Joyce,Dixon,jdixonhf@exblog.jp,7,Bayside,,Fort Pierce,Florida,34981
629,Michael,Henry,mhenryhg@edublogs.org,98173,Dapin,,Chicago,,
630,Jacqueline,Griffin,jgriffinhh@whitehouse.gov,9378,Manley,,San Bernardino,,92415
631,Thomas,Moreno,tmorenohi@tiny.cc,132,Boyd,,New York City,New York,10039
632,Heather,Wagner,hwagnerhj@hc360.com,11,Anhalt,,Saint Petersburg,Florida,33737
633,Fred,Knight,fknighthk@joomla.org,8111,5th,Lane,El Paso,Texas,
634,Joyce,Spencer,jspencerhl@businesswire.com,45450,Banding,,,Michigan,49444
635,Rebecca,West,rwesthm@de.vu,531,New Castle,,Spokane,Washington,99260
636,Nicholas,Garza,ngarzahn@vimeo.com,5,Buena Vista,Point,Panama City,Florida,
637,Donna,Brown,dbrownho@wikia.com,72,Loftsgordon,Center,Sacramento,California,
638,Carol,Olson,colsonhp@usa.gov,190,Mayer,Circle,El Paso,,79945
639,Gary,Harrison,gharrisonhq@yandex.ru,52,Merrick,Street,Albany,Georgia,
640,Jason,Riley,jrileyhr@myspace.com,0,Pearson,Pass,Montgomery,Alabama,36114
641,Steven,Hernandez,shernandezhs@parallels.com,8291,Manufacturers,,Milwaukee,,53210
642,Wayne,Sanchez,wsanchezht@nationalgeographic.com,7595,Colorado,,Dallas,Texas,75367
643,Heather,Day,hdayhu@deviantart.com,62,Quincy,Street,Harrisburg,,17121
644,Betty,Stewart,bstewarthv@bbb.org,80116,Dennis,Junction,Miami,Florida,33190
645,Eric,King,ekinghw@odnoklassniki.ru,209,Park Meadow,Court,Jacksonville,Florida,32255
646,Craig,Wheeler,cwheelerhx@moonfruit.com,256,Elmside,Center,Birmingham,Alabama,35215
647,Randy,Hanson,rhansonhy@netvibes.com,67,Lyons,,Providence,Rhode Island,02912
648,Chris,Diaz,cdiazhz@feedburner.com,154,Gulseth,,Lynchburg,Virginia,24515
649,Gloria,Hart,gharti0@seattletimes.com,75,Artisan,Terrace,,Kentucky,40515
650,George,Morris,gmorrisi1@sciencedaily.com,0738,Logan,Road,Daytona Beach,Florida,32118
651,Catherine,Ruiz,cruizi2@ted.com,227,Union,,,Texas,76011
652,Pamela,Snyder,psnyderi3@wisc.edu,98274,Southridge,,Boston,Massachusetts,02283
653,Craig,Robinson,crobinsoni4@china.com.cn,56587,Lukken,Road,Washington,District of Columbia,20546
654,Ryan,Harper,rharperi5@gmpg.org,147,Macpherson,,Austin,,78764
655,Timothy,Ray,trayi6@lycos.com,46204,Blackbird,,Denver,Colorado,80299
656,Theresa,Jacobs,tjacobsi7@vimeo.com,3,Becker,,Garland,Texas,75049
657,Martin,Owens,mowensi8@etsy.com,3,Burrows,Park,Salt Lake City,Utah,84120
658,Lisa,Watson,lwatsoni9@sourceforge.net,,56,Melody,Point,Lafayette,Louisiana,70505
659,Christopher,Patterson,cpattersonia@pinterest.com,5037,Corscot,Pass,Cincinnati,Ohio,45218
660,Heather,Thompson,hthompsonib@nymag.com,198,Kinsman,Park,Columbus,,43240
661,Carolyn,Griffin,cgriffinic@aol.com,7715,Arizona,Lane,Roanoke,Virginia,24048
662,Amanda,Williamson,awilliamsonid@va.gov,510,Melvin,,,,20892
663,Dennis,Carter,dcarterie@ucla.edu,610,Michigan,,White Plains,,10633
664,Diane,Wilson,dwilsonif@ucsd.edu,42,Meadow Vale,,Houston,Texas,77010
665,Donna,Porter,dporterig@google.it,1558,Fallview,,Denver,Colorado,80217
666,Pamela,Gray,pgrayih@mapy.cz,37,Rowland,,Newark,New Jersey,07104
667,Martin,James,mjamesii@craigslist.org,04,Fairfield,,Washington,District of Columbia,
668,Michelle,Parker,mparkerij@cornell.edu,0221,Graedel,,Albuquerque,New Mexico,
669,Robin,Hunter,rhunterik@salon.com,2,Loomis,,Harrisburg,,17126
670,Kevin,Ramos,kramosil@posterous.com,16,Dixon,,Philadelphia,Pennsylvania,19109
671,Helen,Matthews,hmatthewsim@constantcontact.com,4,Talisman,,Colorado Springs,Colorado,80995
672,Gregory,Howard,ghowardin@freewebs.com,458,Lawn,Plaza,,Illinois,60351
673,Steve,Morgan,smorganio@bloglines.com,7543,Barnett,Avenue,Louisville,Kentucky,
674,Betty,Miller,bmillerip@blogtalkradio.com,1768,Clarendon,Street,,New York,14639
675,Andrew,Fisher,afisheriq@nsw.gov.au,6,Westend,Trail,Saint Louis,Missouri,63126
676,Aaron,Berry,aberryir@cpanel.net,,6872,Lerdahl,,,Texas,79999
677,Chris,Lane,claneis@goodreads.com,0,Atwood,,Mobile,Alabama,
678,Christopher,Andrews,candrewsit@dell.com,0296,Brickson Park,Plaza,Omaha,,68179
679,Jean,Simmons,jsimmonsiu@pinterest.com,3,Caliangt,Terrace,Tacoma,Washington,
680,Joe,Phillips,jphillipsiv@tinypic.com,1,Clarendon,,Miami,Florida,33142
681,Phyllis,Moore,pmooreiw@nifty.com,28420,Ludington,,Shawnee Mission,Kansas,66215
682,Jeremy,Barnes,jbarnesix@qq.com,63,Glendale,Street,,Maryland,20816
683,Donna,Gonzalez,dgonzaleziy@w3.org,3211,Larry,,San Francisco,California,94110
684,Terry,Welch,twelchiz@naver.com,72950,Macpherson,Trail,Virginia Beach,Virginia,
685,Jonathan,Porter,jporterj0@slate.com,2,Banding,,Jacksonville,Florida,
686,Robert,Fuller,rfullerj1@tripod.com,82,Vera,,Columbus,,43268
687,Samuel,Brooks,sbrooksj2@ft.com,6,East,,Dayton,Ohio,
688,Gregory,Montgomery,gmontgomeryj3@unc.edu,88,Hansons,,Harrisburg,Pennsylvania,17126
689,Lawrence,Murray,lmurrayj4@reverbnation.com,72,Daystar,,San Bernardino,California,92405
690,Carol,Stevens,cstevensj5@baidu.com,4155,Shasta,,New Orleans,Louisiana,70129
691,Louise,Hamilton,lhamiltonj6@yellowpages.com,0663,Hoepker,,Daytona Beach,Florida,32128
692,Juan,Lawson,jlawsonj7@printfriendly.com,135,Fallview,Drive,Chicago,Illinois,60657
693,Howard,Ortiz,hortizj8@devhub.com,55191,Michigan,Lane,Washington,District of Columbia,20215
694,Christopher,West,cwestj9@gnu.org,6,Homewood,Drive,,Florida,
695,Matthew,Porter,mporterja@godaddy.com,22282,Kingsford,,Birmingham,Alabama,35242
696,Steven,Carroll,scarrolljb@reference.com,84595,Clarendon,,Rochester,New York,14683
697,Scott,Lee,sleejc@vimeo.com,83929,Sutteridge,,Naples,,33961
698,Marilyn,Hunter,mhunterjd@hhs.gov,2077,Center,,Louisville,,40233
699,Anthony,Gonzalez,agonzalezje@de.vu,80,Thompson,Road,Fort Myers,,33913
700,Bobby,Grant,bgrantjf@360.cn,33,Fordem,Trail,Augusta,,
701,Richard,Payne,rpaynejg@msn.com,67022,Hovde,,,Florida,33018
702,Virginia,Marshall,vmarshalljh@about.me,25,Goodland,,,Iowa,50310
703,Wayne,Romero,wromeroji@nasa.gov,56486,Lerdahl,,Albuquerque,New Mexico,87180
704,Judith,Chavez,jchavezjj@hp.com,10,Mccormick,,Fort Lauderdale,Florida,33330
705,Brenda,Austin,,648,Graceland,Drive,Knoxville,Tennessee,37939
706,Martha,Hernandez,,67587,Riverside,,Albany,,12237
707,Anne,Richardson,arichardsonjm@businessweek.com,05,7th,,Bronx,New York,10464
708,Lillian,Kelly,lkellyjn@timesonline.co.uk,88,Hanover,,Birmingham,Alabama,35244
709,Scott,Ruiz,sruizjo@springer.com,387,Reinke,,,,
710,Aaron,Reed,areedjp@bigcartel.com,2,Warner,Point,Hattiesburg,Mississippi,39404
711,Margaret,Adams,madamsjq@1688.com,26,Haas,,Young America,Minnesota,
712,Janet,Wilson,jwilsonjr@nytimes.com,25147,Scoville,,Fort Worth,Texas,76121
713,Stephanie,Grant,sgrantjs@yahoo.co.jp,368,Annamark,,,New York,10045
714,Eugene,Kelley,ekelleyjt@smh.com.au,8,Mesta,Trail,Lake Worth,,33467
715,Harry,Day,hdayju@latimes.com,10051,Weeping Birch,,Detroit,Michigan,48275
716,Juan,Riley,jrileyjv@redcross.org,760,Hoepker,,West Palm Beach,Florida,33421
717,Laura,Larson,llarsonjw@bravesites.com,847,Evergreen,Center,,Minnesota,55103
718,Jeremy,Hughes,jhughesjx@answers.com,96,Almo,,Birmingham,Alabama,35210
719,Robin,Peters,rpetersjy@apple.com,368,Warbler,,Fresno,California,
720,Katherine,Perkins,kperkinsjz@jimdo.com,841,Sugar,,Cedar Rapids,Iowa,52405
721,Ralph,Riley,rrileyk0@yahoo.co.jp,4,Weeping Birch,,Birmingham,Alabama,35295
722,Russell,Kennedy,rkennedyk1@stumbleupon.com,94,Hagan,,New Orleans,Louisiana,70149
723,Harold,Powell,hpowellk2@example.com,3935,Pleasure,Park,Sacramento,California,94257
724,Justin,Mason,jmasonk3@bizjournals.com,74,Daystar,,Ann Arbor,Michigan,48107
725,Laura,Dean,ldeank4@ftc.gov,09052,Ronald Regan,Pass,Atlanta,Georgia,30328
726,Sara,Little,slittlek5@springer.com,6,Browning,Lane,Waterbury,Connecticut,06726
727,Roy,Price,rpricek6@meetup.com,964,Meadow Ridge,,Washington,District of Columbia,20409
728,Scott,Nelson,snelsonk7@cisco.com,18,Goodland,,San Antonio,Texas,78285
729,Willie,Spencer,wspencerk8@seesaa.net,,534,Village Green,Circle,Lexington,Kentucky,40524
730,Katherine,Elliott,kelliottk9@newyorker.com,669,Service,,,Texas,79159
731,Kimberly,Miller,kmillerka@ebay.com,14,Charing Cross,Lane,Las Vegas,,89120
732,Anne,Price,apricekb@nih.gov,97,Mcguire,Terrace,Ogden,Utah,84409
733,Ashley,Ferguson,afergusonkc@ning.com,42,Goodland,,Milwaukee,Wisconsin,53210
734,Paula,King,pkingkd@nationalgeographic.com,54906,Redwing,Crossing,Santa Rosa,California,95405
735,Louis,Hansen,lhansenke@fda.gov,110,Kingsford,,Sacramento,,94280
736,Tina,Bishop,tbishopkf@typepad.com,6,Bunting,Place,Ridgely,Maryland,21684
737,Martha,Berry,mberrykg@nyu.edu,5527,Wayridge,,Maple Plain,Minnesota,55572
738,Terry,Cox,tcoxkh@t.co,15,Pine View,Junction,Grand Rapids,Michigan,49544
739,Donald,Ross,drosski@wsj.com,51,Hermina,,Knoxville,Tennessee,37914
740,Anthony,Bailey,abaileykj@aboutads.info,3,Nancy,,Harrisburg,Pennsylvania,17105
741,John,Robertson,jrobertsonkk@freewebs.com,77,Londonderry,,Washington,,20520
742,Harry,Hamilton,hhamiltonkl@slate.com,6309,Burrows,Trail,Sacramento,California,95833
743,Pamela,Garrett,pgarrettkm@newyorker.com,1067,Logan,,Mobile,Alabama,36670
744,Jessica,Jacobs,jjacobskn@ocn.ne.jp,93226,Golf Course,,Washington,District of Columbia,20566
745,Pamela,Porter,pporterko@icio.us,4998,Badeau,Center,Norfolk,Virginia,23514
746,Gloria,Bradley,gbradleykp@google.it,85439,Knutson,Alley,Juneau,Alaska,
747,Jane,Brown,jbrownkq@sciencedirect.com,68160,Pawling,,Scranton,Pennsylvania,18505
748,Patricia,Williamson,pwilliamsonkr@goo.ne.jp,5,Summerview,Center,Austin,Texas,78703
749,Pamela,Brown,pbrownks@thetimes.co.uk,57,Thompson,,Jacksonville,Florida,32209
750,Beverly,Pierce,bpiercekt@smugmug.com,3,Loeprich,,,Montana,59112
751,Gregory,Lawson,glawsonku@storify.com,153,Kropf,Trail,Meridian,Mississippi,39305
752,Matthew,Wallace,mwallacekv@mashable.com,40273,Esker,,Green Bay,,54305
753,Helen,Hunt,hhuntkw@phoca.cz,580,Ridge Oak,Terrace,,Ohio,45470
754,Philip,Wagner,pwagnerkx@netvibes.com,5,Acker,,Akron,,
755,Paul,Ellis,pellisky@fastcompany.com,8,Rigney,,West Palm Beach,Florida,33411
756,Michael,Wood,mwoodkz@devhub.com,0,Dovetail,Circle,Washington,District of Columbia,20005
757,Karen,Freeman,kfreemanl0@exblog.jp,562,Miller,Center,Philadelphia,Pennsylvania,19109
758,Susan,Kim,skiml1@weebly.com,0,Darwin,,New York City,New York,10292
759,Frances,Mills,fmillsl2@surveymonkey.com,82,Pepper Wood,Court,,Pennsylvania,
760,Randy,Perry,rperryl3@noaa.gov,12,Fremont,Trail,,West Virginia,25770
761,Ruby,Murray,rmurrayl4@princeton.edu,05903,Claremont,Junction,New Orleans,Louisiana,70165
762,Bonnie,Lewis,blewisl5@japanpost.jp,1172,Alpine,Street,Chicago,,60657
763,Amanda,Wright,awrightl6@over-blog.com,38,International,Drive,Houston,Texas,77005
764,Phillip,Alvarez,,542,Namekagon,,Lexington,Kentucky,40524
765,Ashley,Bowman,abowmanl8@ihg.com,5,Thierer,,Pasadena,California,
766,Karen,Oliver,koliverl9@weather.com,904,Mitchell,Street,Baltimore,Maryland,21281
767,Louise,Alexander,lalexanderla@github.com,39460,Larry,Avenue,Roanoke,Virginia,24029
768,Carl,Peterson,cpetersonlb@dell.com,80272,7th,Alley,Beaverton,Oregon,97075
769,Rebecca,Gonzalez,rgonzalezlc@cyberchimps.com,883,Porter,,San Jose,California,95173
770,Randy,Hernandez,rhernandezld@freewebs.com,4136,Bartillon,,Jamaica,New York,11470
771,Bonnie,Bryant,bbryantle@youku.com,740,Elmside,,Fairbanks,,
772,Cynthia,Foster,cfosterlf@blogtalkradio.com,1,Fairfield,,Reno,Nevada,89550
773,Scott,Reed,sreedlg@businessweek.com,83,Redwing,Lane,Lexington,Kentucky,
774,John,Diaz,jdiazlh@usa.gov,80,Starling,,Albany,New York,12242
775,Joyce,Richards,jrichardsli@cdc.gov,52034,Talmadge,Center,Jersey City,New Jersey,07310
776,Cynthia,Mcdonald,cmcdonaldlj@squidoo.com,6,Hoard,Junction,Washington,District of Columbia,20520
777,Beverly,Washington,bwashingtonlk@huffingtonpost.com,44014,Bashford,Plaza,Dallas,Texas,75358
778,Anne,Carr,acarrll@umn.edu,156,Glacier Hill,,Saint Petersburg,Florida,33742
779,Johnny,Russell,jrusselllm@dropbox.com,55,Luster,Crossing,,District of Columbia,20525
780,Sean,Morris,smorrisln@npr.org,39,Browning,,Amarillo,Texas,79105
781,Michael,Sims,msimslo@dell.com,0,Nevada,,Seattle,Washington,98109
782,Richard,Turner,rturnerlp@wikipedia.org,48,Crowley,Point,Killeen,Texas,
783,Matthew,Peters,mpeterslq@arstechnica.com,28,Londonderry,,Sterling,Virginia,20167
784,Heather,Peterson,hpetersonlr@theatlantic.com,157,Bluestem,,Silver Spring,Maryland,20910
785,Lawrence,Mills,lmillsls@lycos.com,1,Sullivan,,Charlotte,North Carolina,28263
786,Andrew,Hunt,ahuntlt@opera.com,4457,Sycamore,Junction,Kansas City,Missouri,64193
787,Jeffrey,Bennett,jbennettlu@purevolume.com,3,Cardinal,Road,Peoria,Illinois,61605
788,Jerry,Wright,jwrightlv@nba.com,2,Vidon,,Bronx,New York,10464
789,Elizabeth,Anderson,eandersonlw@cisco.com,39,Bashford,Alley,Cleveland,Ohio,44130
790,Debra,Parker,dparkerlx@fastcompany.com,8124,Bashford,,Milwaukee,Wisconsin,53234
791,Samuel,Knight,sknightly@java.com,0,Wayridge,,Davenport,Iowa,52809
792,Barbara,Morrison,bmorrisonlz@nih.gov,8507,Pierstorff,Alley,Brooklyn,New York,11225
793,Barbara,Sanchez,bsanchezm0@4shared.com,71912,Jana,,Shreveport,Louisiana,71151
794,Sarah,Arnold,sarnoldm1@nyu.edu,403,Clyde Gallagher,,Des Moines,Iowa,50320
795,Frances,Torres,ftorresm2@yandex.ru,08,Atwood,,Fresno,California,93786
796,Douglas,Nelson,dnelsonm3@trellian.com,8757,Iowa,,Tyler,Texas,75710
797,Tina,Hansen,thansenm4@sciencedirect.com,981,Lukken,,,Florida,33805
798,Brandon,Vasquez,bvasquezm5@networksolutions.com,55,Westend,Junction,Orange,California,92867
799,Lois,Henderson,lhendersonm6@state.gov,315,Oak,Lane,Charleston,,29411
800,Gloria,Porter,gporterm7@infoseek.co.jp,582,Commercial,,Mountain View,California,94042
801,Lois,Patterson,lpattersonm8@g.co,1203,Bultman,,Dayton,Ohio,45419
802,Irene,Howell,ihowellm9@linkedin.com,1562,Spenser,,Dayton,Ohio,45414
803,Janet,Lawrence,jlawrencema@ning.com,52376,Union,Parkway,Albuquerque,New Mexico,87190
804,Joan,Hall,jhallmb@stumbleupon.com,75898,Bayside,Hill,,New York,12222
805,William,Phillips,wphillipsmc@lycos.com,72825,Fairfield,,Denver,Colorado,80255
806,Annie,Sullivan,asullivanmd@ovh.net,,6,Cardinal,,Appleton,Wisconsin,54915
807,Steven,Griffin,sgriffinme@uol.com.br,9374,Namekagon,Circle,New York City,New York,10090
808,Margaret,Boyd,mboydmf@google.ca,923,Montana,,Tampa,Florida,33694
809,Pamela,Wells,pwellsmg@arizona.edu,773,Cherokee,,Macon,Georgia,31217
810,Theresa,Tucker,ttuckermh@bigcartel.com,2,Dixon,Center,Albuquerque,New Mexico,87121
811,Carl,Holmes,cholmesmi@google.ru,9578,Mayer,,Odessa,Texas,79769
812,Albert,Dean,adeanmj@skype.com,03,Parkside,,Bloomington,Illinois,61709
813,Roger,Andrews,randrewsmk@google.com.hk,6576,Petterle,,Baton Rouge,Louisiana,70836
814,Jonathan,Scott,jscottml@tamu.edu,33,Westridge,,,Indiana,46295
815,Amanda,Bennett,abennettmm@elegantthemes.com,04011,Carioca,Center,,Texas,75372
816,Mark,Sims,msimsmn@domainmarket.com,74815,Kropf,,Salt Lake City,Utah,
817,David,Williamson,dwilliamsonmo@seattletimes.com,81,Prairie Rose,Road,Mesa,Arizona,85205
818,Adam,Martinez,amartinezmp@weibo.com,92,Hollow Ridge,,,Missouri,64149
819,Michael,Gray,mgraymq@booking.com,11,Hauk,Crossing,Madison,Wisconsin,53705
820,Sara,Murray,smurraymr@newsvine.com,5,Village Green,,Memphis,Tennessee,38104
821,Norma,Davis,,08265,Summerview,,Phoenix,Arizona,85015
822,Irene,Black,,62061,Bayside,,Columbus,Ohio,43240
823,Alan,Sullivan,asullivanmu@sbwire.com,94,Spaight,Road,Chico,California,95973
824,Phillip,George,,5,Hauk,,Boise,Idaho,83722
825,Steven,Anderson,sandersonmw@ucoz.com,22164,Service,,Nashville,Tennessee,37235
826,Jeffrey,Black,jblackmx@comcast.net,,35,Meadow Ridge,Road,,Washington,98008
827,Roger,Hughes,rhughesmy@microsoft.com,6,Emmet,,Tulsa,Oklahoma,
828,Carol,Coleman,ccolemanmz@blog.com,34,Walton,,Portsmouth,,00214
829,Julia,Walker,jwalkern0@bloglines.com,48705,Southridge,,Brooklyn,New York,
830,Stephen,Daniels,sdanielsn1@delicious.com,182,Porter,Hill,Detroit,Michigan,48217
831,Benjamin,Cooper,,5,Forest Run,Trail,San Angelo,Texas,
832,Elizabeth,Hill,ehilln3@dailymail.co.uk,1,Dixon,,Miami,Florida,33129
833,Harry,Reid,hreidn4@comcast.net,,0720,Messerschmidt,Circle,Waco,Texas,76796
834,Kathy,Willis,kwillisn5@hao123.com,21,Kingsford,,Saint Paul,,55115
835,Jessica,Carr,,18012,Londonderry,,Wichita,,67230
836,Jose,Hall,jhalln7@disqus.com,80830,Schlimgen,Crossing,Philadelphia,Pennsylvania,19146
837,Andrew,Adams,aadamsn8@pcworld.com,4678,Lindbergh,,Pensacola,Florida,32575
838,Tammy,Flores,tfloresn9@yandex.ru,0868,Scott,Hill,Petaluma,California,94975
839,Douglas,Jenkins,djenkinsna@skyrock.com,270,Gina,Road,Baton Rouge,Louisiana,70836
840,Diane,Webb,dwebbnb@cnbc.com,4538,Beilfuss,,Sioux Falls,South Dakota,57198
841,Victor,Lane,vlanenc@cnn.com,281,Saint Paul,,Saint Louis,,
842,Barbara,Arnold,barnoldnd@redcross.org,99,Schurz,Lane,,Arkansas,72222
843,Susan,Cruz,scruzne@paginegialle.it,891,Pine View,Pass,Los Angeles,California,90094
844,Johnny,Bennett,jbennettnf@51.la,8,Manitowish,Center,Monticello,Minnesota,55585
845,Nicole,Spencer,nspencerng@bloomberg.com,34377,Dorton,,,,
846,Mary,Scott,mscottnh@jalbum.net,,7762,Algoma,Crossing,,,32309
847,Sharon,Kennedy,skennedyni@skype.com,5,Haas,,Columbus,Georgia,31914
848,Timothy,Mccoy,tmccoynj@php.net,,6,Esch,,Trenton,New Jersey,08650
849,Shirley,Henderson,shendersonnk@photobucket.com,06,Monument,,,Florida,33355
850,Bonnie,Ford,bfordnl@lycos.com,3216,Oneill,Place,Seattle,Washington,98140
851,Gloria,Simmons,gsimmonsnm@wix.com,398,Lukken,,Cedar Rapids,Iowa,52410
852,Arthur,Robertson,arobertsonnn@gmpg.org,8954,Dapin,,Washington,District of Columbia,20557
853,Kimberly,Watson,kwatsonno@who.int,72,Schiller,,Kalamazoo,Michigan,49048
854,Julia,Harvey,jharveynp@usda.gov,65,Northwestern,,New Orleans,Louisiana,70174
855,Kathy,Williams,kwilliamsnq@nature.com,65,Alpine,,Melbourne,Florida,32941
856,George,Carpenter,gcarpenternr@gov.uk,742,Declaration,,Charlotte,North Carolina,28205
857,Thomas,Sanchez,tsanchezns@tinypic.com,2,Green Ridge,,Charleston,West Virginia,25313
858,Paul,Banks,pbanksnt@baidu.com,9,Prentice,,Rochester,New York,14624
859,Heather,Simpson,hsimpsonnu@redcross.org,9437,Norway Maple,,Wichita,Kansas,67215
860,Peter,Knight,pknightnv@slideshare.net,,5,Anthes,Road,Cincinnati,Ohio,45249
861,Justin,Mccoy,jmccoynw@senate.gov,05532,Elka,Lane,Phoenix,Arizona,85005
862,Sara,Fernandez,sfernandeznx@delicious.com,60,Raven,Circle,Clearwater,,34629
863,Earl,Reynolds,ereynoldsny@webs.com,7,Fair Oaks,,Las Vegas,Nevada,89115
864,Lillian,Bradley,lbradleynz@printfriendly.com,52664,Talmadge,Junction,Seattle,,98121
865,Jason,Rice,jriceo0@miibeian.gov.cn,01664,Garrison,,,,21211
866,Jennifer,Hall,jhallo1@biglobe.ne.jp,85135,La Follette,,Salt Lake City,Utah,84105
867,Deborah,Gardner,dgardnero2@telegraph.co.uk,9,Anhalt,,Phoenix,Arizona,85035
868,Lillian,Frazier,lfraziero3@vimeo.com,896,7th,,Athens,Georgia,30605
869,Julie,Gordon,jgordono4@sun.com,78921,Loomis,Parkway,San Diego,California,92105
870,Benjamin,Wright,bwrighto5@mayoclinic.com,20,Memorial,Street,,West Virginia,25709
871,Susan,Garza,sgarzao6@hostgator.com,75,Hovde,,Chicago,Illinois,60624
872,Roy,Wilson,rwilsono7@newsvine.com,85,Veith,,New York City,New York,10270
873,Linda,Peters,lpeterso8@ucoz.com,69,Hoffman,,Nashville,,37240
874,Wanda,Martinez,wmartinezo9@si.edu,95105,Bunker Hill,Street,Austin,Texas,78732
875,Amy,Rice,ariceoa@dyndns.org,1,Colorado,Circle,Reston,Virginia,
876,Ryan,Moreno,rmorenoob@netlog.com,69,Maple Wood,Hill,Prescott,,86305
877,Walter,Carpenter,wcarpenteroc@usgs.gov,1,Glacier Hill,Way,Brooklyn,New York,
878,Benjamin,Nichols,bnicholsod@intel.com,34,Shopko,,Charleston,West Virginia,
879,Karen,Hughes,khughesoe@indiatimes.com,648,Southridge,,Fayetteville,North Carolina,28305
880,Margaret,Patterson,mpattersonof@wordpress.com,8546,Graedel,,Chicago,Illinois,60681
881,Eric,Mendoza,emendozaog@newyorker.com,22791,Florence,Trail,Miami,Florida,33245
882,Dorothy,Olson,dolsonoh@istockphoto.com,181,Waubesa,,Atlanta,Georgia,30340
883,Julia,Warren,jwarrenoi@purevolume.com,632,Village,Point,Greenville,South Carolina,29610
884,Judy,Armstrong,jarmstrongoj@opensource.org,1,Pawling,Trail,San Antonio,,78230
885,Matthew,Weaver,mweaverok@archive.org,13264,Shopko,Road,Clearwater,,34629
886,Clarence,Arnold,carnoldol@mapquest.com,036,Melody,,Portland,Oregon,97229
887,Sandra,Burke,sburkeom@cocolog-nifty.com,66,Hanover,,Grand Rapids,Michigan,49544
888,Paul,Romero,promeroon@miitbeian.gov.cn,3030,Red Cloud,Center,Springfield,Illinois,62711
889,Douglas,Flores,dfloresoo@sina.com.cn,0555,Vera,,Richmond,Virginia,23237
890,Andrea,Montgomery,amontgomeryop@youtube.com,184,Golf,,Irvine,California,92710
891,Rachel,Crawford,rcrawfordoq@e-recht24.de,28412,Prairieview,,New York City,New York,10160
892,Kenneth,Little,klittleor@japanpost.jp,34,Hallows,,Hartford,Connecticut,06120
893,Antonio,Freeman,afreemanos@cbc.ca,25,Dorton,,San Diego,California,92110
894,Shirley,Elliott,selliottot@flickr.com,4,Hoard,Lane,Omaha,,68197
895,Gloria,Hill,ghillou@liveinternet.ru,323,Harper,Pass,Corona,California,
896,Henry,Lawrence,hlawrenceov@cbc.ca,9116,Harper,Crossing,Salt Lake City,Utah,84140
897,Nicholas,Brooks,nbrooksow@canalblog.com,5,Oak,,Mesquite,Texas,75185
898,Amy,Fuller,afullerox@hibu.com,32,Morrow,,San Jose,California,95113
899,Donna,Stewart,dstewartoy@a8.net,,4,Bashford,,Kansas City,Missouri,64190
900,Andrew,Montgomery,amontgomeryoz@businesswire.com,0,Pleasure,Junction,Phoenix,Arizona,85067
901,Nancy,Myers,nmyersp0@goo.ne.jp,618,Kenwood,,New York City,New York,
902,Sharon,Hall,shallp1@amazonaws.com,0021,Luster,Crossing,Loretto,Minnesota,55598
903,Keith,Ward,kwardp2@hibu.com,92637,Oriole,,Miami,,33153
904,Steven,Olson,solsonp3@sphinn.com,751,Schlimgen,,Dallas,Texas,75310
905,Diana,Hughes,dhughesp4@china.com.cn,6086,Knutson,,,,66205
906,Sarah,Alexander,salexanderp5@adobe.com,507,Pennsylvania,Court,Madison,Wisconsin,
907,Craig,Greene,cgreenep6@i2i.jp,1641,Cody,Park,Ogden,Utah,84409
908,Phillip,Jenkins,pjenkinsp7@wufoo.com,97702,Lindbergh,,Columbia,Missouri,
909,Cynthia,Anderson,candersonp8@usa.gov,0502,Maple,,Tulsa,Oklahoma,74141
910,Arthur,Mason,amasonp9@go.com,33,Summit,Park,Alexandria,Virginia,22309
911,Albert,Fowler,afowlerpa@pen.io,87476,Birchwood,,El Paso,Texas,79934
912,Judith,Robinson,jrobinsonpb@berkeley.edu,3452,Birchwood,Lane,Wilmington,North Carolina,28410
913,Patrick,Franklin,pfranklinpc@ocn.ne.jp,9,Hanover,,Saint Paul,Minnesota,55146
914,Keith,Green,kgreenpd@woothemes.com,0,Texas,,Dallas,Texas,
915,Gloria,Gonzalez,ggonzalezpe@imgur.com,804,Melrose,,Memphis,Tennessee,38181
916,Joe,Stanley,jstanleypf@stumbleupon.com,73,Almo,,Des Moines,Iowa,50362
917,Willie,Diaz,wdiazpg@answers.com,062,Mallory,,Port Charlotte,Florida,
918,Craig,Medina,cmedinaph@wordpress.org,92,Autumn Leaf,,Hollywood,,33028
919,Denise,Black,dblackpi@smh.com.au,9312,Service,,Shreveport,Louisiana,71151
920,Kathleen,Hernandez,khernandezpj@stumbleupon.com,7691,6th,,Washington,District of Columbia,20010
921,Alan,Perez,aperezpk@pbs.org,31,Briar Crest,Trail,El Paso,Texas,88541
922,Christina,Clark,cclarkpl@360.cn,908,Spenser,,Brooksville,Florida,34605
923,Sandra,Stanley,sstanleypm@loc.gov,289,Hovde,Court,Harrisburg,Pennsylvania,17140
924,Randy,Elliott,relliottpn@bizjournals.com,11,Scott,,Richmond,Virginia,23242
925,Carl,Brooks,cbrookspo@jiathis.com,94221,Armistice,,Corpus Christi,Texas,78410
926,Shawn,Morgan,smorganpp@pagesperso-orange.fr,44004,Maple,Pass,Lansing,Michigan,48901
927,Kathryn,Myers,kmyerspq@naver.com,500,Larry,,Honolulu,Hawaii,96845
928,Catherine,Andrews,candrewspr@youku.com,63580,Pleasure,Street,Washington,District of Columbia,20244
929,Jonathan,Parker,jparkerps@ucsd.edu,40,Northland,,Sacramento,California,94280
930,Joseph,Hunt,jhuntpt@hibu.com,6,Blue Bill Park,Hill,Olympia,Washington,98516
931,Gerald,Burton,gburtonpu@dedecms.com,2,Messerschmidt,,Springfield,Missouri,65898
932,Fred,Burke,,7,Stephen,,Colorado Springs,,80915
933,Brandon,Foster,bfosterpw@sogou.com,4813,Crownhardt,,,California,94132
934,Thomas,Sanchez,tsanchezpx@google.co.jp,5,Eastlawn,,Shreveport,,71166
935,Alan,Perez,aperezpy@sfgate.com,599,Moulton,,,Ohio,43220
936,Frank,Wilson,fwilsonpz@cisco.com,75,Twin Pines,,Bryan,Texas,77806
937,Ann,Jacobs,ajacobsq0@reuters.com,98,Sheridan,Road,Richmond,,23203
938,Lois,Miller,lmillerq1@technorati.com,37,Red Cloud,Plaza,Evansville,Indiana,47719
939,Karen,Clark,kclarkq2@nih.gov,807,Independence,Terrace,Norman,Oklahoma,73071
940,Wayne,Lopez,wlopezq3@census.gov,0950,Merrick,,Clearwater,Florida,33763
941,Ruby,Fox,rfoxq4@etsy.com,2848,Sloan,Alley,San Diego,California,92137
942,Maria,Price,mpriceq5@alexa.com,4,Vera,,Newport News,Virginia,23612
943,Ruth,Hunt,rhuntq6@google.co.uk,83315,Menomonie,,Newport News,Virginia,23605
944,Jeremy,Warren,jwarrenq7@linkedin.com,63,Ridgeview,,Lexington,Kentucky,40505
945,Alice,Lawson,alawsonq8@soundcloud.com,46255,Knutson,,Hartford,,
946,Teresa,Watkins,twatkinsq9@bloomberg.com,7,Barnett,,Phoenix,Arizona,85010
947,Doris,Cole,dcoleqa@census.gov,3640,Truax,,Boise,Idaho,83732
948,Philip,Fox,pfoxqb@mediafire.com,1,Ridgeview,,Jefferson City,Missouri,
949,Maria,Watson,mwatsonqc@prweb.com,67186,Elka,,Flint,Michigan,48505
950,Dorothy,Marshall,dmarshallqd@livejournal.com,5,Truax,,Charlotte,,28272
951,Anne,Flores,afloresqe@dedecms.com,735,Dennis,,Augusta,Georgia,30911
952,Mark,Long,mlongqf@intel.com,7,Comanche,,Cleveland,Ohio,44197
953,Nicole,Brooks,nbrooksqg@istockphoto.com,9,Bashford,,Independence,Missouri,64054
954,Brenda,Bell,,1256,Logan,,Raleigh,,27658
955,Timothy,Peters,tpetersqi@sfgate.com,5120,Oak,,Washington,District of Columbia,20299
956,Terry,Arnold,tarnoldqj@meetup.com,33089,Pond,Circle,Colorado Springs,Colorado,80930
957,Eric,Lane,elaneqk@hugedomains.com,9828,Eastwood,Court,Pittsburgh,Pennsylvania,15279
958,Keith,Walker,kwalkerql@amazon.de,8,Iowa,Trail,Yonkers,New York,10705
959,Brenda,Harrison,bharrisonqm@cbc.ca,48,Sutherland,,Dayton,Ohio,
960,Louise,Oliver,loliverqn@symantec.com,571,Sunbrook,Plaza,Dallas,,
961,Donald,Reynolds,dreynoldsqo@seattletimes.com,7,Bultman,,New York City,New York,
962,Carl,Chapman,cchapmanqp@vk.com,38,Prairieview,,Anchorage,,99512
963,Paul,Hamilton,phamiltonqq@blogger.com,530,Sunfield,,San Jose,California,
964,Timothy,Chapman,tchapmanqr@shop-pro.jp,96,Kropf,,Fullerton,,92640
965,Jeremy,Morrison,jmorrisonqs@behance.net,,63,Elka,Crossing,San Antonio,Texas,78215
966,Anna,Roberts,arobertsqt@samsung.com,58,Loeprich,Junction,Buffalo,New York,14263
967,Paul,Lee,pleequ@microsoft.com,59,Little Fleur,,Anderson,Indiana,
968,Sean,Ellis,sellisqv@reddit.com,402,Cascade,Avenue,Washington,District of Columbia,20540
969,Susan,Parker,sparkerqw@purevolume.com,54669,Wayridge,,Boston,,
970,Brenda,Nelson,bnelsonqx@ebay.co.uk,830,Rusk,,Aiken,South Carolina,29805
971,Samuel,Martin,smartinqy@unesco.org,899,Kingsford,,Louisville,Kentucky,40287
972,Louise,Lawson,llawsonqz@tripadvisor.com,585,Pawling,,Modesto,California,
973,Brenda,Taylor,btaylorr0@skype.com,97,Hollow Ridge,Street,Colorado Springs,,
974,Philip,White,pwhiter1@uiuc.edu,795,Blackbird,,Van Nuys,California,91411
975,Nicholas,Mitchell,nmitchellr2@dagondesign.com,841,Lindbergh,,Boise,Idaho,83727
976,Patricia,Meyer,pmeyerr3@tumblr.com,5,Oriole,Hill,,Texas,79905
977,Laura,Dixon,ldixonr4@cam.ac.uk,75,Dakota,Place,Daytona Beach,,32123
978,Steven,Gutierrez,sgutierrezr5@reuters.com,1,Waywood,Drive,Roanoke,Virginia,24048
979,Billy,Stone,bstoner6@qq.com,2,Glendale,Road,Los Angeles,California,90005
980,Harry,Anderson,handersonr7@yellowbook.com,15379,Badeau,Point,Fort Lauderdale,Florida,33310
981,Phillip,Ferguson,pfergusonr8@ted.com,2020,Brickson Park,,,Kansas,
982,Christina,Cruz,ccruzr9@hibu.com,20477,Lakewood Gardens,,Gilbert,Arizona,85297
983,Richard,Scott,rscottra@paypal.com,15,Carpenter,,Washington,District of Columbia,20370
984,Gerald,Fields,gfieldsrb@phpbb.com,5351,Browning,Alley,Topeka,Kansas,66611
985,Robert,Simpson,rsimpsonrc@1und1.de,16525,Atwood,Point,,Alabama,36616
986,Michael,Morales,mmoralesrd@pinterest.com,0056,Little Fleur,,Indianapolis,Indiana,
987,Fred,Hudson,fhudsonre@alibaba.com,2327,Hooker,Center,,Rhode Island,02905
988,Douglas,Marshall,dmarshallrf@mozilla.org,25,Tennessee,,Denton,Texas,76210
989,Peter,Hughes,phughesrg@unc.edu,3,Butterfield,Hill,Boston,Massachusetts,02283
990,Daniel,Pierce,dpiercerh@github.com,9448,Tennyson,,Los Angeles,California,
991,Billy,Lewis,blewisri@cbsnews.com,3045,Bunting,,Oklahoma City,,73152
992,Carl,Little,clittlerj@opera.com,892,Schiller,,San Rafael,,94913
993,Julia,Green,jgreenrk@ca.gov,308,Almo,Avenue,Columbus,Georgia,31904
994,Jean,Kennedy,jkennedyrl@mozilla.com,4569,Kim,Junction,Springfield,Illinois,62723
995,Janice,Simmons,jsimmonsrm@sciencedirect.com,362,Porter,,Dayton,,45454
996,Brenda,Henderson,bhendersonrn@netscape.com,0,Browning,,Santa Monica,California,90405
997,Ashley,Castillo,acastilloro@altervista.org,05433,Hintze,,El Paso,Texas,
998,Randy,Russell,rrussellrp@answers.com,21,Jay,Drive,Louisville,Kentucky,40220
999,Joyce,Lopez,jlopezrq@pagesperso-orange.fr,5947,Lake View,,Washington,District of Columbia,20414
1000,Carlos,Vasquez,cvasquezrr@boston.com,116,Golf,,San Diego,California,92160
